CompanyID,Sector,Geography,CarbonIntensity,ESG_Disclosure_Score,GreenRevenue_Pct,AdaptationSpending_Pct,RegulatoryExposure,PhysicalRisk,TransitionRisk,ClimateRiskScore,RiskRating
1,Real Estate,Wildfire Risk,287.7,37.0,1.7,1.11,69.1,High,Medium,78.3,High
2,Steel,Coastal - High Risk,956.4,89.7,4.2,1.2,75.0,Medium,High,90.4,Critical
3,Real Estate,Wildfire Risk,198.1,62.8,28.5,0.99,43.7,High,Medium,68.2,High
4,Oil & Gas,Wildfire Risk,773.4,78.8,0.3,2.39,88.2,High,High,95.6,Critical
5,Technology,Low Risk,27.6,53.8,79.7,0.67,34.1,Low,Low,13.6,Very Low
6,Technology,Flood Prone,27.9,52.3,69.1,2.4,21.1,Low,Low,31.8,Low
7,Technology,Moderate Climate,75.7,59.0,72.8,0.99,25.7,Low,Low,18.5,Very Low
8,Airlines,Coastal - High Risk,388.6,53.2,22.7,1.7,93.2,Medium,High,90.0,Critical
9,Financial Services,Moderate Climate,88.4,30.7,24.2,0.86,22.8,Low,Medium,47.2,Medium
10,Real Estate,Low Risk,177.7,62.7,28.3,0.58,69.2,High,Medium,64.9,High
11,Automotive,Wildfire Risk,351.1,11.6,26.3,0.85,47.2,Low,High,83.3,Critical
12,Agriculture,Wildfire Risk,70.2,16.9,29.5,0.72,25.2,Very High,Medium,85.4,Critical
13,Airlines,Wildfire Risk,395.6,79.5,2.9,0.98,86.9,Medium,High,85.1,Critical
14,Renewables,Flood Prone,30.6,61.6,89.8,1.17,18.4,Medium,Very Low,19.9,Very Low
15,Airlines,Flood Prone,713.8,69.4,23.6,1.19,94.3,Medium,High,87.8,Critical
16,Coal Mining,Low Risk,1172.6,22.4,7.2,2.88,76.3,High,Very High,100.0,Critical
17,Airlines,Low Risk,743.7,30.5,25.9,0.16,71.1,Medium,High,84.1,Critical
18,Steel,Low Risk,1055.2,59.9,8.8,2.31,83.9,Medium,High,89.9,Critical
19,Technology,Low Risk,18.7,39.2,71.8,2.16,34.3,Low,Low,11.9,Very Low
20,Financial Services,Moderate Climate,17.3,41.0,17.4,3.1,39.5,Low,Medium,43.0,Medium
21,Oil & Gas,Wildfire Risk,558.3,90.7,2.7,1.13,80.3,High,High,98.1,Critical
22,Airlines,Wildfire Risk,279.6,57.9,7.5,3.04,81.1,Medium,High,83.3,Critical
23,Financial Services,Moderate Climate,35.2,39.1,12.6,1.89,13.5,Low,Medium,39.6,Low
24,Steel,Coastal - High Risk,967.1,23.0,1.4,1.02,85.4,Medium,High,100.0,Critical
25,Automotive,Wildfire Risk,432.9,94.0,38.6,0.89,40.7,Low,High,70.5,High
26,Automotive,Drought Prone,618.0,58.1,14.9,1.41,52.4,Low,High,87.6,Critical
27,Coal Mining,Coastal - High Risk,1664.6,63.6,7.5,0.93,90.7,High,Very High,100.0,Critical
28,Oil & Gas,Wildfire Risk,516.3,49.2,9.5,1.21,78.2,High,High,100.0,Critical
29,Steel,Wildfire Risk,1919.3,38.6,29.9,1.58,80.7,Medium,High,100.0,Critical
30,Technology,Drought Prone,45.7,16.3,82.8,1.63,31.2,Low,Low,18.6,Very Low
31,Real Estate,Flood Prone,112.2,78.5,17.1,0.8,60.4,High,Medium,76.8,High
32,Financial Services,Wildfire Risk,35.7,35.1,29.1,1.48,39.1,Low,Medium,61.8,High
33,Oil & Gas,Moderate Climate,1545.4,50.7,0.6,1.63,86.2,High,High,100.0,Critical
34,Technology,Drought Prone,30.6,64.1,31.9,1.63,14.0,Low,Low,39.7,Low
35,Financial Services,Drought Prone,17.4,34.8,23.3,1.79,27.1,Low,Medium,58.5,Medium
36,Oil & Gas,Drought Prone,555.2,63.8,9.1,2.18,76.0,High,High,96.8,Critical
37,Automotive,Low Risk,726.9,33.8,34.1,1.24,63.5,Low,High,87.3,Critical
38,Coal Mining,Flood Prone,819.4,92.7,9.0,2.93,85.6,High,Very High,100.0,Critical
39,Technology,Moderate Climate,98.2,30.9,34.6,0.35,20.4,Low,Low,25.4,Low
40,Airlines,Flood Prone,509.1,44.9,10.4,1.17,78.9,Medium,High,87.5,Critical
41,Renewables,Coastal - High Risk,53.3,51.8,30.2,1.27,26.1,Medium,Very Low,28.0,Low
42,Technology,Low Risk,31.3,29.1,38.9,2.07,10.9,Low,Low,18.7,Very Low
43,Airlines,Coastal - High Risk,642.4,45.6,16.1,1.66,86.2,Medium,High,85.2,Critical
44,Coal Mining,Wildfire Risk,1305.7,64.7,2.8,3.19,94.7,High,Very High,100.0,Critical
45,Agriculture,Moderate Climate,88.2,67.2,5.2,1.0,39.5,Very High,Medium,72.2,High
46,Agriculture,Drought Prone,194.0,41.6,21.6,0.1,39.0,Very High,Medium,82.7,Critical
47,Automotive,Coastal - High Risk,517.9,65.2,37.6,2.51,56.5,Low,High,85.9,Critical
48,Renewables,Wildfire Risk,28.2,33.5,37.0,3.35,35.5,Medium,Very Low,22.4,Low
49,Steel,Flood Prone,1907.5,71.5,25.3,1.48,74.1,Medium,High,100.0,Critical
50,Steel,Flood Prone,1497.8,61.5,13.9,2.29,92.5,Medium,High,100.0,Critical
51,Real Estate,Drought Prone,185.9,40.9,18.8,0.84,56.0,High,Medium,78.8,High
52,Agriculture,Coastal - High Risk,127.9,31.0,10.3,1.77,14.5,Very High,Medium,80.7,Critical
53,Automotive,Wildfire Risk,663.1,53.2,26.0,0.72,58.4,Low,High,82.5,Critical
54,Technology,Wildfire Risk,63.4,53.6,34.6,2.5,15.6,Low,Low,26.3,Low
55,Real Estate,Coastal - High Risk,133.0,41.9,22.3,2.15,52.4,High,Medium,68.0,High
56,Oil & Gas,Flood Prone,549.3,86.4,3.1,0.58,82.9,High,High,100.0,Critical
57,Automotive,Low Risk,716.4,69.0,18.9,0.87,58.7,Low,High,79.2,High
58,Technology,Flood Prone,15.9,23.4,54.0,0.49,38.4,Low,Low,29.5,Low
59,Coal Mining,Wildfire Risk,1701.1,18.3,2.0,0.35,92.2,High,Very High,100.0,Critical
60,Technology,Drought Prone,82.5,49.1,86.7,1.64,29.0,Low,Low,30.0,Low
61,Airlines,Wildfire Risk,585.8,54.2,24.8,1.34,91.5,Medium,High,86.8,Critical
62,Airlines,Wildfire Risk,784.7,38.2,14.1,2.03,87.5,Medium,High,86.8,Critical
63,Agriculture,Flood Prone,155.4,35.2,24.7,1.8,22.2,Very High,Medium,88.7,Critical
64,Agriculture,Drought Prone,230.1,50.3,19.0,1.34,38.8,Very High,Medium,91.9,Critical
65,Oil & Gas,Flood Prone,635.5,27.0,6.1,1.01,82.1,High,High,100.0,Critical
66,Airlines,Flood Prone,704.9,20.4,10.5,2.54,71.9,Medium,High,100.0,Critical
67,Coal Mining,Moderate Climate,503.5,57.7,7.9,0.8,89.0,High,Very High,100.0,Critical
68,Steel,Low Risk,1455.8,57.2,1.5,1.82,83.9,Medium,High,92.7,Critical
69,Agriculture,Drought Prone,128.2,68.1,12.7,1.44,25.7,Very High,Medium,88.0,Critical
70,Technology,Flood Prone,60.5,69.1,54.3,1.99,32.1,Low,Low,35.7,Low
71,Oil & Gas,Moderate Climate,1423.8,33.9,10.0,2.66,85.7,High,High,100.0,Critical
72,Real Estate,Wildfire Risk,234.4,76.8,8.9,0.76,60.4,High,Medium,76.0,High
73,Renewables,Moderate Climate,80.8,64.3,58.0,1.53,25.4,Medium,Very Low,18.6,Very Low
74,Renewables,Flood Prone,25.9,48.5,33.5,1.62,14.6,Medium,Very Low,24.9,Low
75,Technology,Moderate Climate,58.3,76.6,45.9,1.31,26.5,Low,Low,23.7,Low
76,Coal Mining,Wildfire Risk,1059.0,81.2,2.2,0.87,82.0,High,Very High,100.0,Critical
77,Technology,Drought Prone,58.9,53.4,44.7,2.87,37.9,Low,Low,25.8,Low
78,Automotive,Flood Prone,651.6,43.9,10.6,1.44,48.6,Low,High,87.5,Critical
79,Oil & Gas,Drought Prone,1451.0,57.1,5.4,1.01,72.6,High,High,100.0,Critical
80,Automotive,Wildfire Risk,612.7,54.6,25.4,3.21,69.2,Low,High,81.2,Critical
81,Real Estate,Moderate Climate,55.5,18.9,13.4,1.95,60.8,High,Medium,69.0,High
82,Automotive,Drought Prone,663.7,47.2,6.1,1.52,62.8,Low,High,79.0,High
83,Renewables,Wildfire Risk,75.2,32.4,63.8,1.73,12.7,Medium,Very Low,23.5,Low
84,Technology,Flood Prone,86.0,39.5,85.3,1.99,13.8,Low,Low,22.1,Low
85,Agriculture,Coastal - High Risk,90.2,62.8,29.5,0.14,39.2,Very High,Medium,82.9,Critical
86,Agriculture,Flood Prone,223.7,48.1,3.1,1.96,26.8,Very High,Medium,80.3,Critical
87,Oil & Gas,Moderate Climate,617.9,47.0,8.0,0.35,93.4,High,High,100.0,Critical
88,Real Estate,Coastal - High Risk,227.3,45.1,24.4,2.2,55.8,High,Medium,74.4,High
89,Agriculture,Wildfire Risk,111.8,60.2,10.1,1.35,26.7,Very High,Medium,86.2,Critical
90,Coal Mining,Flood Prone,842.7,19.1,0.3,2.08,88.6,High,Very High,100.0,Critical
91,Automotive,Wildfire Risk,224.1,68.0,22.0,2.87,57.8,Low,High,78.6,High
92,Agriculture,Moderate Climate,102.7,51.4,21.5,1.71,36.1,Very High,Medium,77.7,High
93,Financial Services,Wildfire Risk,63.4,1.4,19.7,1.47,23.6,Low,Medium,55.7,Medium
94,Renewables,Flood Prone,49.8,83.3,57.0,1.71,21.4,Medium,Very Low,13.2,Very Low
95,Steel,Coastal - High Risk,1766.3,52.6,3.4,1.47,71.0,Medium,High,100.0,Critical
96,Real Estate,Flood Prone,163.0,38.2,4.5,1.83,54.7,High,Medium,73.6,High
97,Automotive,Drought Prone,321.1,69.5,11.2,2.74,66.1,Low,High,89.7,Critical
98,Technology,Coastal - High Risk,12.7,45.5,69.5,3.24,40.0,Low,Low,33.7,Low
99,Financial Services,Moderate Climate,61.0,49.8,20.0,1.68,34.5,Low,Medium,46.9,Medium
100,Technology,Low Risk,59.0,61.2,56.9,1.46,28.1,Low,Low,23.3,Low
101,Financial Services,Flood Prone,58.8,71.8,14.3,0.29,25.6,Low,Medium,53.9,Medium
102,Steel,Flood Prone,511.3,58.1,1.8,0.97,76.4,Medium,High,93.8,Critical
103,Airlines,Drought Prone,566.2,37.8,5.4,0.33,72.7,Medium,High,90.0,Critical
104,Renewables,Moderate Climate,33.1,39.8,32.6,1.61,36.5,Medium,Very Low,19.4,Very Low
105,Renewables,Drought Prone,42.5,31.0,48.1,2.2,33.0,Medium,Very Low,32.5,Low
106,Renewables,Coastal - High Risk,48.2,53.1,62.1,1.33,29.1,Medium,Very Low,30.8,Low
107,Financial Services,Low Risk,22.8,8.6,13.4,1.81,37.2,Low,Medium,50.5,Medium
108,Automotive,Moderate Climate,736.5,60.4,7.4,0.77,56.2,Low,High,81.9,Critical
109,Agriculture,Wildfire Risk,131.1,52.2,14.0,2.43,30.7,Very High,Medium,79.6,High
110,Financial Services,Drought Prone,18.7,78.2,23.9,0.71,28.7,Low,Medium,50.0,Medium
111,Coal Mining,Coastal - High Risk,1412.7,23.6,2.3,1.09,82.7,High,Very High,100.0,Critical
112,Renewables,Wildfire Risk,88.6,57.5,53.5,1.9,30.2,Medium,Very Low,11.9,Very Low
113,Renewables,Low Risk,74.9,51.9,31.4,1.23,38.0,Medium,Very Low,15.6,Very Low
114,Oil & Gas,Wildfire Risk,1409.6,79.2,6.7,0.89,72.0,High,High,90.7,Critical
115,Automotive,Drought Prone,366.7,55.5,24.8,1.15,58.6,Low,High,79.0,High
116,Financial Services,Flood Prone,16.7,24.5,18.5,1.21,15.2,Low,Medium,49.3,Medium
117,Automotive,Wildfire Risk,708.8,53.3,17.4,0.08,68.9,Low,High,85.1,Critical
118,Steel,Low Risk,1685.5,63.9,9.7,2.5,71.1,Medium,High,95.7,Critical
119,Oil & Gas,Flood Prone,898.8,20.3,1.3,0.84,85.4,High,High,100.0,Critical
120,Renewables,Moderate Climate,22.0,59.0,34.6,1.48,34.8,Medium,Very Low,21.4,Low
121,Real Estate,Drought Prone,146.6,22.1,26.5,0.91,59.8,High,Medium,77.8,High
122,Oil & Gas,Moderate Climate,1262.9,47.4,9.4,1.89,90.8,High,High,93.9,Critical
123,Technology,Drought Prone,11.9,79.2,42.3,2.06,25.9,Low,Low,25.1,Low
124,Technology,Drought Prone,64.2,52.9,37.7,2.41,28.4,Low,Low,21.9,Low
125,Agriculture,Wildfire Risk,110.2,51.1,8.6,1.42,17.6,Very High,Medium,79.4,High
126,Technology,Low Risk,75.6,87.8,89.1,1.5,16.4,Low,Low,6.0,Very Low
127,Airlines,Wildfire Risk,639.7,66.0,17.0,1.69,74.0,Medium,High,87.0,Critical
128,Oil & Gas,Wildfire Risk,1589.7,53.8,2.0,0.55,78.9,High,High,100.0,Critical
129,Financial Services,Wildfire Risk,57.2,49.9,22.5,1.38,24.1,Low,Medium,43.5,Medium
130,Automotive,Wildfire Risk,668.2,42.9,11.2,0.83,52.1,Low,High,84.2,Critical
131,Real Estate,Wildfire Risk,177.5,33.7,1.6,3.26,49.7,High,Medium,68.6,High
132,Technology,Moderate Climate,77.1,47.1,52.4,1.34,11.9,Low,Low,26.6,Low
133,Financial Services,Wildfire Risk,36.9,78.9,20.6,2.39,31.0,Low,Medium,53.1,Medium
134,Agriculture,Coastal - High Risk,282.4,82.7,14.4,0.44,11.5,Very High,Medium,85.3,Critical
135,Real Estate,Drought Prone,277.3,66.3,0.4,2.41,52.9,High,Medium,73.2,High
136,Financial Services,Moderate Climate,86.8,44.7,9.5,2.88,26.4,Low,Medium,41.7,Medium
137,Technology,Moderate Climate,14.7,24.8,45.4,0.46,39.2,Low,Low,21.8,Low
138,Financial Services,Coastal - High Risk,23.6,58.3,15.7,0.85,31.2,Low,Medium,57.9,Medium
139,Oil & Gas,Drought Prone,622.6,21.5,4.1,2.44,90.2,High,High,100.0,Critical
140,Renewables,Flood Prone,14.7,27.6,49.8,0.83,36.4,Medium,Very Low,29.1,Low
141,Financial Services,Drought Prone,77.6,76.0,8.5,1.67,21.9,Low,Medium,55.8,Medium
142,Airlines,Moderate Climate,778.7,81.4,17.3,1.93,83.3,Medium,High,84.9,Critical
143,Coal Mining,Flood Prone,1044.7,31.8,0.3,0.35,90.0,High,Very High,100.0,Critical
144,Agriculture,Flood Prone,270.6,28.6,29.5,1.5,22.8,Very High,Medium,89.6,Critical
145,Financial Services,Wildfire Risk,90.1,90.3,24.6,2.38,34.6,Low,Medium,49.6,Medium
146,Financial Services,Moderate Climate,32.9,50.4,3.4,1.74,32.2,Low,Medium,47.8,Medium
147,Real Estate,Low Risk,234.5,32.4,22.2,2.38,69.8,High,Medium,67.5,High
148,Real Estate,Flood Prone,223.5,10.2,9.1,1.62,63.7,High,Medium,75.9,High
149,Oil & Gas,Low Risk,1506.1,66.6,8.6,0.59,80.6,High,High,100.0,Critical
150,Financial Services,Low Risk,92.6,70.3,22.6,2.31,13.4,Low,Medium,36.1,Low
151,Technology,Coastal - High Risk,31.8,96.0,47.8,0.79,15.6,Low,Low,38.1,Low
152,Real Estate,Moderate Climate,259.5,77.8,17.2,0.37,62.1,High,Medium,66.1,High
153,Airlines,Coastal - High Risk,238.8,74.0,4.9,1.27,86.0,Medium,High,94.5,Critical
154,Real Estate,Wildfire Risk,76.1,23.6,19.0,2.22,41.4,High,Medium,65.6,High
155,Technology,Flood Prone,34.9,21.6,42.4,1.16,11.1,Low,Low,33.1,Low
156,Steel,Moderate Climate,1358.1,28.4,2.6,1.32,91.9,Medium,High,98.9,Critical
157,Airlines,Flood Prone,278.9,70.7,27.2,1.23,93.9,Medium,High,85.1,Critical
158,Real Estate,Coastal - High Risk,200.9,58.1,11.1,0.4,42.4,High,Medium,76.5,High
159,Financial Services,Drought Prone,70.2,12.7,19.1,1.15,13.6,Low,Medium,48.9,Medium
160,Oil & Gas,Coastal - High Risk,1133.1,18.3,1.2,0.61,91.1,High,High,100.0,Critical
161,Agriculture,Flood Prone,157.5,14.9,13.4,1.48,22.9,Very High,Medium,90.4,Critical
162,Renewables,Flood Prone,64.1,28.5,55.8,2.61,10.8,Medium,Very Low,28.2,Low
163,Coal Mining,Wildfire Risk,510.1,78.0,8.5,2.18,72.6,High,Very High,100.0,Critical
164,Renewables,Flood Prone,28.8,87.0,38.8,0.39,21.2,Medium,Very Low,25.8,Low
165,Airlines,Low Risk,561.8,48.3,4.6,1.54,81.0,Medium,High,76.8,High
166,Airlines,Drought Prone,234.6,79.9,4.2,2.0,94.8,Medium,High,99.9,Critical
167,Coal Mining,Low Risk,1354.1,18.1,4.8,1.38,73.3,High,Very High,100.0,Critical
168,Real Estate,Wildfire Risk,64.4,42.3,22.6,1.86,56.9,High,Medium,62.4,High
169,Real Estate,Flood Prone,177.8,26.5,17.2,1.15,53.2,High,Medium,77.8,High
170,Oil & Gas,Coastal - High Risk,1839.6,60.9,7.2,1.2,90.1,High,High,100.0,Critical
171,Technology,Flood Prone,29.0,26.0,80.0,0.73,29.8,Low,Low,34.1,Low
172,Coal Mining,Coastal - High Risk,1584.7,49.6,5.8,0.2,91.1,High,Very High,100.0,Critical
173,Agriculture,Wildfire Risk,86.3,46.2,12.0,0.92,27.5,Very High,Medium,83.2,Critical
174,Steel,Moderate Climate,1405.2,82.6,15.1,0.9,87.1,Medium,High,100.0,Critical
175,Coal Mining,Wildfire Risk,852.0,48.2,9.2,0.47,90.6,High,Very High,100.0,Critical
176,Oil & Gas,Coastal - High Risk,500.2,71.4,0.0,1.9,79.0,High,High,100.0,Critical
177,Airlines,Coastal - High Risk,705.6,78.1,27.3,1.67,82.3,Medium,High,98.9,Critical
178,Technology,Drought Prone,22.5,24.5,37.8,1.68,25.0,Low,Low,40.2,Medium
179,Airlines,Drought Prone,580.7,39.8,21.6,0.39,89.9,Medium,High,98.9,Critical
180,Real Estate,Moderate Climate,59.0,64.8,29.2,1.59,42.6,High,Medium,62.4,High
181,Oil & Gas,Low Risk,1673.0,38.4,9.1,0.81,88.4,High,High,100.0,Critical
182,Agriculture,Coastal - High Risk,276.5,81.4,11.9,0.65,13.9,Very High,Medium,85.1,Critical
183,Renewables,Flood Prone,44.4,72.3,50.5,0.37,27.0,Medium,Very Low,20.5,Low
184,Steel,Wildfire Risk,1322.6,43.1,18.2,0.89,87.8,Medium,High,100.0,Critical
185,Real Estate,Wildfire Risk,64.5,60.8,2.3,1.85,58.7,High,Medium,70.4,High
186,Renewables,Flood Prone,62.0,63.3,70.4,1.26,24.1,Medium,Very Low,24.3,Low
187,Coal Mining,Drought Prone,721.0,76.4,9.6,2.83,71.9,High,Very High,100.0,Critical
188,Agriculture,Low Risk,251.7,96.6,5.0,0.46,39.4,Very High,Medium,74.4,High
189,Agriculture,Coastal - High Risk,99.2,55.9,13.1,1.48,15.7,Very High,Medium,79.7,High
190,Airlines,Moderate Climate,744.7,57.4,14.3,0.48,74.1,Medium,High,94.4,Critical
191,Agriculture,Wildfire Risk,53.0,45.5,19.0,0.86,12.9,Very High,Medium,77.4,High
192,Steel,Flood Prone,543.8,81.7,11.9,0.95,93.8,Medium,High,87.6,Critical
193,Coal Mining,Moderate Climate,876.5,44.5,1.9,0.5,71.0,High,Very High,100.0,Critical
194,Renewables,Coastal - High Risk,25.8,30.5,56.2,0.8,20.6,Medium,Very Low,29.3,Low
195,Automotive,Drought Prone,733.3,76.8,25.8,1.35,66.4,Low,High,90.7,Critical
196,Oil & Gas,Flood Prone,642.6,52.5,5.2,0.9,79.8,High,High,100.0,Critical
197,Financial Services,Wildfire Risk,57.0,92.1,0.0,0.37,22.7,Low,Medium,54.0,Medium
198,Coal Mining,Low Risk,987.9,54.6,9.0,0.53,72.0,High,Very High,100.0,Critical
199,Coal Mining,Low Risk,1375.7,86.6,7.6,1.09,93.3,High,Very High,100.0,Critical
200,Technology,Drought Prone,72.7,19.8,73.7,0.79,20.4,Low,Low,34.3,Low
201,Real Estate,Coastal - High Risk,128.0,60.8,23.5,1.68,42.9,High,Medium,73.9,High
202,Agriculture,Coastal - High Risk,183.6,97.2,3.6,0.73,30.3,Very High,Medium,82.7,Critical
203,Real Estate,Drought Prone,267.9,57.0,17.2,1.7,50.6,High,Medium,67.5,High
204,Financial Services,Wildfire Risk,46.4,79.6,20.6,2.12,29.3,Low,Medium,42.4,Medium
205,Agriculture,Low Risk,245.2,36.8,28.2,1.65,39.4,Very High,Medium,65.5,High
206,Automotive,Coastal - High Risk,322.7,51.2,30.9,0.42,57.9,Low,High,86.9,Critical
207,Agriculture,Wildfire Risk,124.3,70.2,8.0,2.66,19.4,Very High,Medium,79.9,High
208,Automotive,Coastal - High Risk,270.2,42.7,5.2,2.62,58.8,Low,High,91.4,Critical
209,Automotive,Coastal - High Risk,525.2,39.6,28.3,2.59,42.5,Low,High,83.9,Critical
210,Automotive,Moderate Climate,507.6,26.7,12.1,2.31,57.9,Low,High,68.4,High
211,Coal Mining,Low Risk,1927.2,49.2,5.4,2.45,83.0,High,Very High,100.0,Critical
212,Financial Services,Moderate Climate,62.6,53.9,20.0,0.19,31.2,Low,Medium,42.2,Medium
213,Renewables,Wildfire Risk,58.2,66.4,77.1,0.4,24.1,Medium,Very Low,25.9,Low
214,Agriculture,Drought Prone,152.2,28.2,28.3,0.46,34.2,Very High,Medium,88.7,Critical
215,Oil & Gas,Wildfire Risk,1886.8,96.6,0.8,1.34,89.7,High,High,100.0,Critical
216,Renewables,Coastal - High Risk,38.7,67.3,83.1,0.54,18.9,Medium,Very Low,17.7,Very Low
217,Steel,Moderate Climate,1582.9,43.7,8.9,2.79,92.0,Medium,High,90.8,Critical
218,Renewables,Drought Prone,67.1,26.4,40.0,1.08,27.2,Medium,Very Low,31.4,Low
219,Oil & Gas,Low Risk,1807.2,30.8,3.3,1.08,87.4,High,High,100.0,Critical
220,Steel,Moderate Climate,1005.8,73.5,26.9,2.2,89.8,Medium,High,89.0,Critical
221,Steel,Flood Prone,1532.9,18.3,25.3,0.99,74.6,Medium,High,100.0,Critical
222,Coal Mining,Coastal - High Risk,1823.8,34.4,9.0,0.8,71.7,High,Very High,100.0,Critical
223,Coal Mining,Moderate Climate,1705.7,75.7,3.7,1.05,86.4,High,Very High,100.0,Critical
224,Coal Mining,Low Risk,1763.5,90.8,0.5,0.15,78.8,High,Very High,100.0,Critical
225,Airlines,Moderate Climate,324.3,38.2,11.7,0.45,89.4,Medium,High,79.4,High
226,Renewables,Moderate Climate,58.7,19.6,53.2,0.43,36.1,Medium,Very Low,29.1,Low
227,Oil & Gas,Drought Prone,1544.2,55.7,2.7,2.05,78.1,High,High,100.0,Critical
228,Steel,Drought Prone,917.7,58.7,24.6,1.6,88.7,Medium,High,97.2,Critical
229,Steel,Low Risk,550.5,33.6,20.0,0.27,90.6,Medium,High,88.2,Critical
230,Coal Mining,Flood Prone,1719.1,92.8,9.6,1.19,70.4,High,Very High,100.0,Critical
231,Real Estate,Flood Prone,51.3,92.8,2.1,0.26,57.4,High,Medium,81.0,Critical
232,Airlines,Flood Prone,757.5,45.6,1.6,1.43,93.5,Medium,High,100.0,Critical
233,Steel,Wildfire Risk,1250.5,50.5,4.7,1.45,81.4,Medium,High,100.0,Critical
234,Coal Mining,Wildfire Risk,1528.1,62.0,6.9,0.41,84.6,High,Very High,100.0,Critical
235,Oil & Gas,Low Risk,1463.9,59.2,7.0,1.16,84.9,High,High,100.0,Critical
236,Technology,Flood Prone,76.4,44.7,80.8,1.63,34.5,Low,Low,27.4,Low
237,Renewables,Low Risk,37.5,68.0,58.5,1.62,15.0,Medium,Very Low,8.0,Very Low
238,Technology,Moderate Climate,30.9,56.6,33.8,0.56,35.9,Low,Low,29.7,Low
239,Technology,Low Risk,53.6,90.6,64.8,0.54,24.6,Low,Low,14.7,Very Low
240,Renewables,Coastal - High Risk,74.4,58.1,62.8,1.44,13.8,Medium,Very Low,28.0,Low
241,Oil & Gas,Coastal - High Risk,1910.6,57.4,5.6,1.52,73.1,High,High,100.0,Critical
242,Technology,Moderate Climate,90.1,49.5,82.2,1.85,35.6,Low,Low,24.3,Low
243,Steel,Low Risk,1781.4,22.8,23.6,2.14,78.4,Medium,High,93.2,Critical
244,Automotive,Coastal - High Risk,215.1,85.7,31.3,1.53,47.0,Low,High,78.4,High
245,Oil & Gas,Drought Prone,855.6,42.4,5.9,1.29,87.6,High,High,100.0,Critical
246,Coal Mining,Moderate Climate,1511.6,58.3,6.7,1.2,77.0,High,Very High,100.0,Critical
247,Financial Services,Wildfire Risk,93.6,23.8,23.2,1.27,11.7,Low,Medium,60.3,High
248,Oil & Gas,Drought Prone,1516.1,67.8,0.2,1.17,78.6,High,High,100.0,Critical
249,Oil & Gas,Moderate Climate,1942.2,55.5,6.8,2.25,88.5,High,High,100.0,Critical
250,Renewables,Moderate Climate,10.9,18.4,48.7,2.48,20.3,Medium,Very Low,15.0,Very Low
251,Technology,Coastal - High Risk,94.2,66.3,35.5,2.25,23.4,Low,Low,24.6,Low
252,Agriculture,Drought Prone,276.2,66.8,3.4,0.98,17.5,Very High,Medium,91.7,Critical
253,Coal Mining,Drought Prone,1843.3,34.4,1.9,1.41,73.0,High,Very High,100.0,Critical
254,Agriculture,Moderate Climate,173.2,91.7,3.5,2.93,29.8,Very High,Medium,73.7,High
255,Coal Mining,Moderate Climate,1731.5,65.3,3.3,1.19,73.0,High,Very High,100.0,Critical
256,Oil & Gas,Wildfire Risk,1425.4,28.9,7.5,1.28,70.8,High,High,100.0,Critical
257,Renewables,Moderate Climate,31.6,60.0,64.5,2.09,12.3,Medium,Very Low,13.4,Very Low
258,Oil & Gas,Coastal - High Risk,1336.0,62.4,5.7,1.98,89.5,High,High,100.0,Critical
259,Steel,Flood Prone,525.1,35.1,28.1,0.83,78.3,Medium,High,94.1,Critical
260,Airlines,Flood Prone,226.4,61.8,28.2,2.21,94.1,Medium,High,76.6,High
261,Airlines,Wildfire Risk,447.9,48.1,5.5,1.73,74.2,Medium,High,90.6,Critical
262,Agriculture,Flood Prone,115.6,96.5,8.6,0.92,21.9,Very High,Medium,79.1,High
263,Coal Mining,Flood Prone,1840.4,62.1,2.5,0.25,92.1,High,Very High,100.0,Critical
264,Oil & Gas,Wildfire Risk,986.5,46.0,4.4,0.62,89.5,High,High,100.0,Critical
265,Financial Services,Wildfire Risk,27.2,18.7,2.0,0.84,33.3,Low,Medium,57.7,Medium
266,Financial Services,Drought Prone,90.8,44.5,19.9,1.37,35.0,Low,Medium,50.2,Medium
267,Real Estate,Coastal - High Risk,107.9,39.7,11.8,1.57,49.2,High,Medium,78.6,High
268,Automotive,Low Risk,526.5,62.2,18.1,2.09,64.2,Low,High,67.6,High
269,Oil & Gas,Wildfire Risk,1726.0,26.9,4.9,1.18,74.0,High,High,100.0,Critical
270,Renewables,Moderate Climate,82.5,30.1,51.7,3.1,21.8,Medium,Very Low,12.3,Very Low
271,Agriculture,Moderate Climate,136.2,74.5,19.4,1.23,13.2,Very High,Medium,72.6,High
272,Steel,Wildfire Risk,1484.6,31.4,0.9,3.64,78.8,Medium,High,100.0,Critical
273,Airlines,Moderate Climate,660.8,43.4,15.0,0.68,73.2,Medium,High,85.1,Critical
274,Steel,Wildfire Risk,1404.8,14.0,5.9,1.87,82.8,Medium,High,100.0,Critical
275,Coal Mining,Flood Prone,1945.7,66.2,4.6,0.71,76.3,High,Very High,100.0,Critical
276,Agriculture,Moderate Climate,201.5,17.1,10.0,1.09,10.8,Very High,Medium,73.4,High
277,Automotive,Low Risk,377.6,74.3,22.5,1.92,67.5,Low,High,63.9,High
278,Agriculture,Low Risk,228.7,42.9,28.4,1.78,27.8,Very High,Medium,64.3,High
279,Agriculture,Wildfire Risk,130.9,32.2,2.8,0.7,33.4,Very High,Medium,82.0,Critical
280,Airlines,Low Risk,207.7,61.4,16.5,4.02,72.4,Medium,High,77.2,High
281,Automotive,Wildfire Risk,258.0,52.0,15.7,1.08,44.0,Low,High,85.0,Critical
282,Airlines,Wildfire Risk,277.0,64.8,26.2,2.62,70.6,Medium,High,78.9,High
283,Steel,Moderate Climate,1774.9,14.9,16.2,0.41,85.9,Medium,High,100.0,Critical
284,Agriculture,Drought Prone,174.5,17.1,26.9,1.06,29.2,Very High,Medium,79.0,High
285,Renewables,Low Risk,60.1,54.7,72.1,1.69,23.6,Medium,Very Low,18.4,Very Low
286,Agriculture,Coastal - High Risk,112.7,73.9,1.9,2.78,39.9,Very High,Medium,72.6,High
287,Technology,Coastal - High Risk,47.3,50.5,33.7,2.65,14.5,Low,Low,35.1,Low
288,Renewables,Coastal - High Risk,64.2,5.5,53.5,2.12,26.6,Medium,Very Low,36.5,Low
289,Airlines,Moderate Climate,352.6,25.9,4.5,1.49,79.3,Medium,High,91.3,Critical
290,Steel,Coastal - High Risk,1285.5,86.7,9.5,0.68,78.1,Medium,High,100.0,Critical
291,Technology,Low Risk,52.3,12.4,82.4,2.09,28.3,Low,Low,10.2,Very Low
292,Real Estate,Moderate Climate,79.1,50.9,27.2,0.85,47.9,High,Medium,61.9,High
293,Coal Mining,Wildfire Risk,1903.1,56.2,8.7,1.4,70.5,High,Very High,100.0,Critical
294,Agriculture,Moderate Climate,201.1,28.4,2.4,0.56,21.6,Very High,Medium,80.2,Critical
295,Airlines,Flood Prone,429.7,38.1,2.1,0.36,94.0,Medium,High,98.7,Critical
296,Financial Services,Low Risk,84.0,35.5,17.7,1.45,11.8,Low,Medium,45.4,Medium
297,Financial Services,Drought Prone,93.5,49.2,1.7,0.64,27.4,Low,Medium,63.5,High
298,Automotive,Low Risk,793.1,58.4,10.9,1.69,43.4,Low,High,79.0,High
299,Coal Mining,Coastal - High Risk,1471.2,20.2,7.3,0.34,70.4,High,Very High,100.0,Critical
300,Airlines,Drought Prone,686.3,81.2,2.0,1.21,85.5,Medium,High,90.2,Critical
301,Airlines,Wildfire Risk,796.4,42.8,3.8,3.37,87.5,Medium,High,87.1,Critical
302,Coal Mining,Coastal - High Risk,1483.9,59.4,8.3,2.15,78.3,High,Very High,100.0,Critical
303,Steel,Drought Prone,1269.8,81.8,20.8,1.34,76.1,Medium,High,99.0,Critical
304,Coal Mining,Flood Prone,761.6,33.4,4.1,0.8,91.5,High,Very High,100.0,Critical
305,Coal Mining,Coastal - High Risk,974.1,60.9,2.6,0.82,79.6,High,Very High,100.0,Critical
306,Steel,Drought Prone,601.1,15.3,21.4,1.46,77.7,Medium,High,100.0,Critical
307,Renewables,Wildfire Risk,33.9,92.7,78.5,1.33,16.3,Medium,Very Low,17.0,Very Low
308,Financial Services,Low Risk,33.1,11.0,22.7,1.74,39.3,Low,Medium,34.8,Low
309,Real Estate,Moderate Climate,283.6,78.4,29.0,0.72,57.3,High,Medium,66.0,High
310,Renewables,Flood Prone,48.5,33.3,46.1,1.84,32.5,Medium,Very Low,29.2,Low
311,Real Estate,Flood Prone,261.5,39.8,3.3,1.19,49.1,High,Medium,76.9,High
312,Technology,Drought Prone,95.1,57.6,60.6,0.11,14.1,Low,Low,28.2,Low
313,Renewables,Moderate Climate,71.4,30.7,89.2,0.73,29.2,Medium,Very Low,20.7,Low
314,Oil & Gas,Flood Prone,826.6,32.8,6.4,1.9,89.8,High,High,100.0,Critical
315,Airlines,Wildfire Risk,760.3,42.4,18.4,0.94,91.6,Medium,High,93.8,Critical
316,Real Estate,Flood Prone,207.4,44.7,6.6,0.46,41.0,High,Medium,77.7,High
317,Technology,Flood Prone,32.5,17.2,55.3,2.3,22.6,Low,Low,29.5,Low
318,Oil & Gas,Drought Prone,569.1,44.0,8.5,3.45,72.6,High,High,100.0,Critical
319,Agriculture,Low Risk,255.6,77.6,7.0,2.23,32.3,Very High,Medium,65.6,High
320,Oil & Gas,Wildfire Risk,851.7,52.1,7.5,2.84,88.5,High,High,100.0,Critical
321,Oil & Gas,Drought Prone,1799.1,64.1,4.8,0.55,91.4,High,High,100.0,Critical
322,Financial Services,Flood Prone,39.3,36.4,12.8,0.74,39.3,Low,Medium,50.0,Medium
323,Airlines,Coastal - High Risk,522.2,26.0,9.4,1.77,77.1,Medium,High,95.9,Critical
324,Steel,Moderate Climate,708.5,55.7,25.1,1.23,92.0,Medium,High,91.7,Critical
325,Automotive,Low Risk,526.7,75.4,22.6,1.43,56.4,Low,High,68.0,High
326,Oil & Gas,Drought Prone,814.8,23.2,7.1,1.64,81.9,High,High,100.0,Critical
327,Renewables,Flood Prone,66.5,48.9,83.2,1.95,19.4,Medium,Very Low,13.3,Very Low
328,Real Estate,Drought Prone,199.1,85.1,7.1,0.72,50.9,High,Medium,83.4,Critical
329,Oil & Gas,Low Risk,1207.0,9.4,2.0,0.85,88.1,High,High,100.0,Critical
330,Financial Services,Moderate Climate,59.1,79.1,11.9,1.79,27.1,Low,Medium,46.4,Medium
331,Technology,Drought Prone,76.7,64.5,41.7,1.11,38.6,Low,Low,36.8,Low
332,Financial Services,Moderate Climate,33.1,61.3,12.7,0.76,20.5,Low,Medium,46.5,Medium
333,Renewables,Flood Prone,61.2,51.8,80.9,2.56,32.2,Medium,Very Low,22.6,Low
334,Oil & Gas,Coastal - High Risk,530.0,35.1,6.2,0.44,84.9,High,High,100.0,Critical
335,Oil & Gas,Drought Prone,540.3,37.0,6.1,0.62,85.5,High,High,100.0,Critical
336,Steel,Wildfire Risk,1143.1,70.2,11.6,0.99,82.3,Medium,High,100.0,Critical
337,Technology,Drought Prone,87.0,65.1,80.5,1.86,27.5,Low,Low,22.4,Low
338,Automotive,Flood Prone,710.8,59.6,34.0,1.6,48.6,Low,High,90.0,Critical
339,Financial Services,Flood Prone,73.4,70.4,20.9,2.1,13.0,Low,Medium,42.2,Medium
340,Airlines,Low Risk,686.9,36.1,21.4,1.09,88.0,Medium,High,80.9,Critical
341,Financial Services,Wildfire Risk,54.1,25.2,24.2,0.18,23.1,Low,Medium,49.2,Medium
342,Steel,Low Risk,1337.3,63.5,9.8,0.61,72.1,Medium,High,95.3,Critical
343,Technology,Moderate Climate,56.6,15.0,34.5,1.03,11.9,Low,Low,24.1,Low
344,Coal Mining,Coastal - High Risk,579.1,34.4,4.2,0.56,78.3,High,Very High,100.0,Critical
345,Technology,Moderate Climate,89.6,72.0,63.9,0.24,30.6,Low,Low,18.1,Very Low
346,Agriculture,Coastal - High Risk,73.9,64.7,9.5,1.98,37.2,Very High,Medium,83.8,Critical
347,Coal Mining,Moderate Climate,1791.0,72.9,7.5,0.84,88.0,High,Very High,100.0,Critical
348,Renewables,Wildfire Risk,70.9,18.9,43.5,0.85,14.4,Medium,Very Low,27.8,Low
349,Real Estate,Moderate Climate,82.6,74.1,0.6,1.52,42.6,High,Medium,69.8,High
350,Agriculture,Wildfire Risk,257.4,48.4,28.1,1.12,37.9,Very High,Medium,76.9,High
351,Renewables,Flood Prone,81.8,46.0,48.3,2.53,15.4,Medium,Very Low,30.2,Low
352,Automotive,Moderate Climate,564.9,51.5,15.5,2.15,41.7,Low,High,68.8,High
353,Airlines,Low Risk,730.6,77.3,21.0,3.26,86.5,Medium,High,75.0,High
354,Technology,Flood Prone,56.3,89.6,73.0,1.0,32.7,Low,Low,27.5,Low
355,Oil & Gas,Low Risk,1795.5,54.2,0.6,0.66,91.0,High,High,100.0,Critical
356,Automotive,Wildfire Risk,629.2,76.4,5.2,0.98,47.6,Low,High,81.9,Critical
357,Airlines,Moderate Climate,258.0,17.6,0.7,0.85,80.7,Medium,High,87.3,Critical
358,Oil & Gas,Wildfire Risk,1215.5,47.5,9.6,0.81,73.6,High,High,100.0,Critical
359,Coal Mining,Low Risk,1928.2,45.0,3.9,2.8,71.9,High,Very High,100.0,Critical
360,Agriculture,Flood Prone,114.7,36.1,20.4,1.93,10.7,Very High,Medium,81.4,Critical
361,Coal Mining,Low Risk,1539.4,89.3,1.7,3.1,87.4,High,Very High,100.0,Critical
362,Coal Mining,Coastal - High Risk,1777.8,51.4,8.0,1.64,75.9,High,Very High,100.0,Critical
363,Real Estate,Wildfire Risk,178.2,45.1,13.5,1.23,47.9,High,Medium,82.8,Critical
364,Technology,Flood Prone,96.2,47.5,56.6,0.57,32.1,Low,Low,35.1,Low
365,Agriculture,Wildfire Risk,255.4,69.2,21.3,2.41,33.6,Very High,Medium,76.2,High
366,Real Estate,Drought Prone,66.0,80.7,0.9,2.8,68.6,High,Medium,71.7,High
367,Airlines,Moderate Climate,319.5,91.0,8.7,1.04,75.4,Medium,High,72.7,High
368,Automotive,Flood Prone,451.0,8.8,14.4,0.59,59.3,Low,High,88.4,Critical
369,Automotive,Coastal - High Risk,236.5,27.8,15.6,0.64,60.8,Low,High,93.5,Critical
370,Technology,Drought Prone,24.1,93.8,50.0,1.61,25.6,Low,Low,31.5,Low
371,Technology,Flood Prone,50.4,61.1,33.2,3.89,14.9,Low,Low,31.8,Low
372,Agriculture,Drought Prone,274.9,26.4,22.9,1.56,12.6,Very High,Medium,87.6,Critical
373,Steel,Low Risk,1248.8,32.9,14.7,1.81,80.9,Medium,High,97.8,Critical
374,Real Estate,Moderate Climate,235.6,11.4,13.3,2.45,55.2,High,Medium,74.4,High
375,Agriculture,Moderate Climate,92.7,29.6,19.6,2.21,12.8,Very High,Medium,67.6,High
376,Coal Mining,Flood Prone,1471.0,73.6,4.4,1.41,81.5,High,Very High,100.0,Critical
377,Agriculture,Moderate Climate,286.7,26.5,27.4,0.84,31.0,Very High,Medium,81.2,Critical
378,Renewables,Moderate Climate,21.3,41.5,83.4,0.83,34.6,Medium,Very Low,14.0,Very Low
379,Financial Services,Flood Prone,41.7,40.6,18.9,2.19,29.0,Low,Medium,60.0,High
380,Financial Services,Low Risk,78.1,19.1,1.7,2.03,27.2,Low,Medium,41.6,Medium
381,Financial Services,Coastal - High Risk,63.7,47.0,20.3,3.2,30.3,Low,Medium,48.8,Medium
382,Steel,Flood Prone,1944.1,19.9,17.4,2.0,71.4,Medium,High,100.0,Critical
383,Automotive,Coastal - High Risk,211.5,46.9,12.6,0.87,67.6,Low,High,83.4,Critical
384,Technology,Wildfire Risk,30.0,75.7,64.4,2.37,37.8,Low,Low,15.8,Very Low
385,Oil & Gas,Drought Prone,795.0,35.6,5.5,0.47,71.8,High,High,100.0,Critical
386,Agriculture,Wildfire Risk,86.0,66.0,3.9,0.45,37.7,Very High,Medium,81.1,Critical
387,Financial Services,Drought Prone,58.4,50.6,1.2,2.32,39.7,Low,Medium,58.4,Medium
388,Steel,Drought Prone,1537.7,74.4,27.3,3.31,77.8,Medium,High,100.0,Critical
389,Oil & Gas,Wildfire Risk,600.9,56.1,2.6,1.91,73.7,High,High,99.1,Critical
390,Real Estate,Flood Prone,213.1,93.5,27.3,0.66,67.5,High,Medium,67.0,High
391,Coal Mining,Wildfire Risk,1445.3,54.1,7.8,1.17,80.5,High,Very High,100.0,Critical
392,Real Estate,Wildfire Risk,84.4,32.1,7.3,2.43,69.5,High,Medium,75.5,High
393,Financial Services,Drought Prone,67.4,58.9,14.2,0.71,36.6,Low,Medium,62.5,High
394,Real Estate,Drought Prone,154.3,23.9,22.1,2.47,65.5,High,Medium,76.6,High
395,Financial Services,Flood Prone,46.6,31.5,17.6,4.07,31.5,Low,Medium,57.0,Medium
396,Real Estate,Drought Prone,94.5,57.4,17.9,1.22,61.0,High,Medium,72.8,High
397,Steel,Low Risk,1867.6,24.1,8.7,1.27,76.3,Medium,High,100.0,Critical
398,Renewables,Wildfire Risk,66.8,75.1,67.4,0.89,22.2,Medium,Very Low,23.9,Low
399,Coal Mining,Flood Prone,1898.9,64.4,3.6,1.92,94.1,High,Very High,100.0,Critical
400,Coal Mining,Wildfire Risk,617.9,27.3,2.1,1.06,70.5,High,Very High,100.0,Critical
401,Renewables,Coastal - High Risk,96.9,49.3,79.5,1.26,11.3,Medium,Very Low,16.2,Very Low
402,Financial Services,Low Risk,79.3,56.1,23.2,1.03,34.2,Low,Medium,42.8,Medium
403,Steel,Coastal - High Risk,1911.3,80.5,8.2,1.51,76.4,Medium,High,100.0,Critical
404,Renewables,Moderate Climate,95.8,25.7,37.5,2.13,26.1,Medium,Very Low,16.8,Very Low
405,Steel,Moderate Climate,819.6,31.1,17.5,2.05,88.4,Medium,High,93.5,Critical
406,Automotive,Wildfire Risk,689.0,70.2,8.6,1.19,60.9,Low,High,84.8,Critical
407,Oil & Gas,Moderate Climate,853.5,54.9,5.9,1.69,89.0,High,High,98.7,Critical
408,Financial Services,Moderate Climate,94.3,28.7,25.4,2.48,35.0,Low,Medium,27.9,Low
409,Coal Mining,Coastal - High Risk,999.9,86.5,4.9,0.9,77.6,High,Very High,100.0,Critical
410,Oil & Gas,Flood Prone,1316.2,36.9,3.8,0.2,75.1,High,High,100.0,Critical
411,Steel,Moderate Climate,856.3,13.5,27.5,0.25,74.6,Medium,High,94.6,Critical
412,Renewables,Coastal - High Risk,56.7,45.6,32.1,1.75,11.1,Medium,Very Low,34.1,Low
413,Agriculture,Drought Prone,182.0,49.0,26.0,2.08,30.0,Very High,Medium,82.3,Critical
414,Renewables,Wildfire Risk,11.6,33.9,78.1,1.62,33.5,Medium,Very Low,20.7,Low
415,Real Estate,Low Risk,178.1,58.7,5.6,1.02,65.1,High,Medium,71.3,High
416,Automotive,Wildfire Risk,209.5,53.9,12.2,2.26,48.4,Low,High,71.9,High
417,Agriculture,Low Risk,52.5,83.4,15.2,2.06,10.5,Very High,Medium,59.4,Medium
418,Agriculture,Flood Prone,72.5,46.7,30.0,0.98,37.8,Very High,Medium,72.4,High
419,Technology,Drought Prone,90.0,52.5,63.9,1.2,34.3,Low,Low,37.2,Low
420,Real Estate,Wildfire Risk,61.8,58.4,0.1,1.89,60.0,High,Medium,64.8,High
421,Real Estate,Low Risk,105.3,24.5,5.6,1.97,43.5,High,Medium,63.0,High
422,Steel,Flood Prone,1754.4,47.9,2.9,3.14,71.6,Medium,High,100.0,Critical
423,Oil & Gas,Drought Prone,1386.3,15.0,1.9,1.01,75.2,High,High,100.0,Critical
424,Technology,Coastal - High Risk,17.7,75.5,72.1,2.08,27.0,Low,Low,25.5,Low
425,Steel,Flood Prone,520.3,92.6,14.5,0.45,84.0,Medium,High,92.5,Critical
426,Agriculture,Flood Prone,177.4,59.1,28.5,1.46,31.5,Very High,Medium,80.6,Critical
427,Agriculture,Wildfire Risk,177.2,78.7,13.8,0.92,34.7,Very High,Medium,76.8,High
428,Agriculture,Moderate Climate,295.0,58.7,27.6,2.71,30.2,Very High,Medium,81.8,Critical
429,Automotive,Coastal - High Risk,479.4,81.0,17.5,2.04,50.2,Low,High,84.7,Critical
430,Renewables,Flood Prone,19.6,41.9,74.0,2.5,31.8,Medium,Very Low,28.1,Low
431,Oil & Gas,Low Risk,710.8,95.8,9.2,3.9,94.0,High,High,86.2,Critical
432,Technology,Low Risk,47.2,87.9,41.4,1.49,32.1,Low,Low,16.0,Very Low
433,Agriculture,Drought Prone,271.9,60.9,21.9,2.61,32.0,Very High,Medium,80.0,Critical
434,Steel,Wildfire Risk,1426.8,11.4,21.2,0.93,73.6,Medium,High,100.0,Critical
435,Coal Mining,Flood Prone,1433.6,21.7,0.9,1.57,88.0,High,Very High,100.0,Critical
436,Oil & Gas,Wildfire Risk,1536.7,27.7,8.5,2.36,89.9,High,High,100.0,Critical
437,Financial Services,Low Risk,68.5,39.3,21.8,0.24,13.4,Low,Medium,41.1,Medium
438,Real Estate,Coastal - High Risk,119.2,28.7,13.3,2.59,68.9,High,Medium,77.7,High
439,Real Estate,Coastal - High Risk,295.8,13.5,10.5,1.95,62.1,High,Medium,80.8,Critical
440,Real Estate,Moderate Climate,276.9,84.0,25.8,1.63,67.8,High,Medium,61.3,High
441,Airlines,Low Risk,499.8,58.1,16.8,2.9,86.8,Medium,High,80.5,Critical
442,Oil & Gas,Coastal - High Risk,1282.7,50.8,7.5,2.84,84.4,High,High,100.0,Critical
443,Steel,Wildfire Risk,1034.3,32.1,16.9,1.55,84.2,Medium,High,100.0,Critical
444,Coal Mining,Low Risk,1115.5,58.5,3.8,2.92,76.3,High,Very High,100.0,Critical
445,Oil & Gas,Coastal - High Risk,1326.0,1.0,9.0,0.69,71.4,High,High,100.0,Critical
446,Financial Services,Coastal - High Risk,43.4,85.0,14.6,1.8,30.8,Low,Medium,52.3,Medium
447,Renewables,Drought Prone,73.0,32.1,68.4,1.98,23.5,Medium,Very Low,28.4,Low
448,Agriculture,Flood Prone,72.6,46.1,26.8,0.75,22.9,Very High,Medium,75.1,High
449,Automotive,Drought Prone,512.7,31.9,18.6,0.6,51.8,Low,High,83.8,Critical
450,Technology,Low Risk,88.6,60.4,61.4,2.05,25.5,Low,Low,18.7,Very Low
451,Oil & Gas,Drought Prone,1101.3,85.6,8.0,0.43,88.0,High,High,100.0,Critical
452,Renewables,Drought Prone,37.4,8.8,46.0,1.42,23.2,Medium,Very Low,25.2,Low
453,Coal Mining,Wildfire Risk,695.7,18.6,8.9,1.33,89.7,High,Very High,100.0,Critical
454,Coal Mining,Low Risk,1211.2,43.6,6.6,1.77,89.7,High,Very High,100.0,Critical
455,Airlines,Coastal - High Risk,712.1,53.6,30.0,0.79,74.4,Medium,High,90.5,Critical
456,Oil & Gas,Flood Prone,1402.7,48.1,5.2,2.19,90.2,High,High,100.0,Critical
457,Agriculture,Wildfire Risk,157.5,81.5,1.6,2.49,31.9,Very High,Medium,80.4,Critical
458,Coal Mining,Moderate Climate,999.4,50.6,2.5,0.97,84.5,High,Very High,100.0,Critical
459,Renewables,Flood Prone,58.2,50.9,63.9,1.65,11.6,Medium,Very Low,26.4,Low
460,Airlines,Coastal - High Risk,685.7,68.3,15.5,2.09,93.4,Medium,High,99.1,Critical
461,Steel,Drought Prone,1085.4,70.0,17.7,1.62,90.9,Medium,High,100.0,Critical
462,Agriculture,Low Risk,263.8,4.2,3.2,1.24,36.2,Very High,Medium,86.9,Critical
463,Renewables,Drought Prone,57.9,69.3,87.5,0.72,35.7,Medium,Very Low,15.0,Very Low
464,Agriculture,Drought Prone,116.4,57.6,28.3,0.77,25.3,Very High,Medium,75.2,High
465,Financial Services,Flood Prone,52.9,47.4,3.5,0.9,35.8,Low,Medium,62.6,High
466,Agriculture,Coastal - High Risk,118.5,47.6,1.7,1.79,30.2,Very High,Medium,94.2,Critical
467,Technology,Low Risk,47.1,83.1,54.2,1.8,12.8,Low,Low,8.5,Very Low
468,Airlines,Coastal - High Risk,485.1,46.2,24.4,2.69,89.1,Medium,High,91.7,Critical
469,Coal Mining,Coastal - High Risk,1210.7,46.8,5.4,1.69,80.0,High,Very High,100.0,Critical
470,Real Estate,Low Risk,275.7,75.9,17.3,1.37,51.4,High,Medium,65.9,High
471,Automotive,Low Risk,279.5,23.1,16.4,2.16,51.1,Low,High,72.5,High
472,Oil & Gas,Low Risk,1540.8,61.5,7.1,1.62,79.2,High,High,94.0,Critical
473,Airlines,Coastal - High Risk,432.3,74.4,7.5,2.05,92.6,Medium,High,95.7,Critical
474,Coal Mining,Flood Prone,1689.0,43.6,3.8,2.0,84.7,High,Very High,100.0,Critical
475,Coal Mining,Low Risk,1172.9,71.6,6.5,2.86,82.2,High,Very High,100.0,Critical
476,Airlines,Flood Prone,490.3,63.7,27.0,1.11,89.5,Medium,High,93.7,Critical
477,Technology,Flood Prone,44.9,54.4,31.2,1.18,23.8,Low,Low,37.7,Low
478,Agriculture,Drought Prone,71.4,79.0,10.7,1.5,16.0,Very High,Medium,77.4,High
479,Real Estate,Drought Prone,97.8,88.3,29.1,0.54,44.8,High,Medium,66.8,High
480,Financial Services,Drought Prone,73.1,67.7,17.5,3.29,37.3,Low,Medium,47.1,Medium
481,Technology,Low Risk,57.4,42.1,32.8,1.69,12.3,Low,Low,26.5,Low
482,Steel,Low Risk,1730.7,72.4,8.6,3.47,85.6,Medium,High,92.3,Critical
483,Agriculture,Low Risk,115.6,82.4,22.5,1.76,16.3,Very High,Medium,56.7,Medium
484,Automotive,Drought Prone,486.8,56.0,37.0,0.85,66.6,Low,High,86.7,Critical
485,Automotive,Coastal - High Risk,334.7,17.6,35.6,2.41,52.6,Low,High,84.6,Critical
486,Steel,Coastal - High Risk,651.7,50.9,16.2,1.1,84.2,Medium,High,99.1,Critical
487,Technology,Drought Prone,60.5,67.0,71.8,2.08,10.7,Low,Low,32.1,Low
488,Steel,Low Risk,584.0,85.5,13.2,1.33,76.4,Medium,High,85.5,Critical
489,Technology,Drought Prone,74.8,20.9,30.0,1.58,19.6,Low,Low,37.5,Low
490,Real Estate,Drought Prone,157.5,67.5,18.2,1.75,56.3,High,Medium,75.8,High
491,Technology,Coastal - High Risk,95.4,45.6,59.6,1.97,13.9,Low,Low,22.6,Low
492,Oil & Gas,Coastal - High Risk,560.9,50.1,0.3,3.24,71.7,High,High,100.0,Critical
493,Agriculture,Low Risk,80.0,70.8,12.1,2.06,17.1,Very High,Medium,67.3,High
494,Financial Services,Flood Prone,94.8,59.3,8.1,0.64,30.8,Low,Medium,54.9,Medium
495,Oil & Gas,Moderate Climate,692.3,73.8,5.6,1.77,87.6,High,High,91.1,Critical
496,Automotive,Flood Prone,709.8,33.4,11.6,1.47,43.6,Low,High,87.7,Critical
497,Automotive,Moderate Climate,553.3,37.7,29.1,0.95,52.7,Low,High,76.2,High
498,Steel,Flood Prone,1718.9,35.0,14.1,0.33,78.3,Medium,High,100.0,Critical
499,Financial Services,Coastal - High Risk,18.1,21.3,20.6,0.77,28.5,Low,Medium,50.6,Medium
500,Steel,Wildfire Risk,1203.8,51.3,20.0,1.5,70.6,Medium,High,99.1,Critical
501,Airlines,Flood Prone,326.4,54.4,2.3,2.12,83.9,Medium,High,94.6,Critical
502,Steel,Drought Prone,1155.7,19.9,12.1,1.11,92.8,Medium,High,100.0,Critical
503,Agriculture,Coastal - High Risk,258.6,39.5,9.3,1.32,14.2,Very High,Medium,90.5,Critical
504,Financial Services,Moderate Climate,50.2,38.5,12.1,0.4,34.2,Low,Medium,47.3,Medium
505,Real Estate,Low Risk,117.9,29.9,28.6,2.81,63.8,High,Medium,61.7,High
506,Renewables,Drought Prone,71.3,65.4,43.5,1.75,20.1,Medium,Very Low,33.3,Low
507,Financial Services,Flood Prone,39.2,49.9,23.7,1.1,18.2,Low,Medium,48.1,Medium
508,Steel,Flood Prone,1753.9,72.3,5.9,1.43,89.3,Medium,High,100.0,Critical
509,Agriculture,Coastal - High Risk,244.9,30.9,12.3,1.06,15.7,Very High,Medium,85.0,Critical
510,Automotive,Low Risk,544.2,9.6,17.0,0.71,68.5,Low,High,86.8,Critical
511,Automotive,Flood Prone,759.5,42.4,30.2,1.96,46.7,Low,High,93.0,Critical
512,Oil & Gas,Coastal - High Risk,1166.5,49.5,7.3,0.87,92.9,High,High,100.0,Critical
513,Agriculture,Coastal - High Risk,102.8,82.7,9.6,0.92,27.0,Very High,Medium,85.4,Critical
514,Financial Services,Flood Prone,72.2,76.7,27.0,0.73,39.5,Low,Medium,48.9,Medium
515,Coal Mining,Moderate Climate,693.1,54.9,7.6,1.03,89.5,High,Very High,100.0,Critical
516,Coal Mining,Moderate Climate,1835.7,65.8,1.1,0.65,91.0,High,Very High,100.0,Critical
517,Agriculture,Coastal - High Risk,57.9,30.6,5.2,1.81,18.7,Very High,Medium,86.1,Critical
518,Oil & Gas,Flood Prone,758.7,41.6,2.7,2.29,88.5,High,High,100.0,Critical
519,Airlines,Moderate Climate,613.7,41.2,1.5,1.53,91.0,Medium,High,90.4,Critical
520,Steel,Moderate Climate,1050.1,39.0,27.9,1.12,72.4,Medium,High,94.6,Critical
521,Oil & Gas,Flood Prone,1313.6,24.7,0.9,1.74,72.0,High,High,100.0,Critical
522,Renewables,Flood Prone,51.7,46.8,69.7,1.09,17.4,Medium,Very Low,25.9,Low
523,Agriculture,Coastal - High Risk,270.4,45.0,11.7,1.44,21.3,Very High,Medium,88.2,Critical
524,Agriculture,Moderate Climate,264.5,27.7,13.1,3.23,18.6,Very High,Medium,78.7,High
525,Real Estate,Low Risk,149.9,31.0,7.9,1.18,44.4,High,Medium,68.4,High
526,Real Estate,Low Risk,117.3,34.5,11.4,0.92,47.2,High,Medium,57.6,Medium
527,Real Estate,Coastal - High Risk,203.8,6.5,18.7,0.84,56.2,High,Medium,85.8,Critical
528,Airlines,Low Risk,757.7,96.6,3.8,0.52,75.2,Medium,High,78.1,High
529,Agriculture,Low Risk,259.6,8.8,4.0,1.75,11.0,Very High,Medium,69.3,High
530,Technology,Flood Prone,54.6,87.1,41.8,1.72,15.8,Low,Low,32.8,Low
531,Coal Mining,Wildfire Risk,1036.8,35.3,3.9,0.98,83.7,High,Very High,100.0,Critical
532,Coal Mining,Moderate Climate,1100.2,37.0,4.9,1.37,92.1,High,Very High,100.0,Critical
533,Renewables,Coastal - High Risk,29.9,75.3,37.8,0.62,22.4,Medium,Very Low,25.9,Low
534,Oil & Gas,Coastal - High Risk,867.2,25.2,1.8,0.77,89.2,High,High,100.0,Critical
535,Technology,Low Risk,50.1,61.1,32.9,2.29,37.1,Low,Low,23.7,Low
536,Coal Mining,Wildfire Risk,757.1,51.5,9.1,1.6,94.5,High,Very High,100.0,Critical
537,Steel,Moderate Climate,1532.5,58.5,7.8,0.9,76.8,Medium,High,100.0,Critical
538,Airlines,Flood Prone,468.3,95.4,8.9,1.01,85.2,Medium,High,85.3,Critical
539,Coal Mining,Coastal - High Risk,1941.7,13.7,7.4,1.09,80.1,High,Very High,100.0,Critical
540,Coal Mining,Coastal - High Risk,1509.3,28.3,3.0,2.63,78.4,High,Very High,100.0,Critical
541,Airlines,Low Risk,328.1,71.8,18.3,1.55,89.4,Medium,High,77.6,High
542,Technology,Low Risk,41.2,18.2,31.9,1.28,34.0,Low,Low,18.4,Very Low
543,Automotive,Moderate Climate,488.4,58.9,10.9,1.88,53.5,Low,High,73.2,High
544,Renewables,Drought Prone,21.7,39.9,63.3,0.87,20.8,Medium,Very Low,29.7,Low
545,Financial Services,Wildfire Risk,69.5,87.2,27.2,3.66,21.7,Low,Medium,33.4,Low
546,Renewables,Wildfire Risk,76.8,58.1,54.5,2.63,25.9,Medium,Very Low,25.5,Low
547,Real Estate,Coastal - High Risk,57.2,24.2,1.0,0.51,63.7,High,Medium,94.0,Critical
548,Agriculture,Moderate Climate,127.6,58.8,12.5,1.02,13.4,Very High,Medium,78.9,High
549,Financial Services,Flood Prone,58.1,46.5,11.5,1.82,21.3,Low,Medium,46.6,Medium
550,Real Estate,Low Risk,63.1,15.5,24.1,0.24,47.1,High,Medium,64.5,High
551,Renewables,Wildfire Risk,42.8,75.8,52.7,1.02,12.0,Medium,Very Low,26.1,Low
552,Agriculture,Flood Prone,151.9,36.2,3.8,1.36,32.8,Very High,Medium,87.1,Critical
553,Oil & Gas,Wildfire Risk,659.2,54.0,1.7,0.76,72.8,High,High,93.9,Critical
554,Steel,Flood Prone,1863.8,55.7,10.8,1.07,90.1,Medium,High,100.0,Critical
555,Automotive,Coastal - High Risk,797.7,65.8,12.4,0.85,49.6,Low,High,88.5,Critical
556,Renewables,Wildfire Risk,42.9,59.7,34.2,0.84,22.7,Medium,Very Low,25.2,Low
557,Technology,Coastal - High Risk,12.3,38.9,84.2,1.81,33.5,Low,Low,34.0,Low
558,Technology,Moderate Climate,56.9,49.9,42.5,1.5,13.7,Low,Low,30.9,Low
559,Airlines,Flood Prone,655.0,57.7,25.8,1.41,74.3,Medium,High,93.8,Critical
560,Automotive,Coastal - High Risk,617.7,75.5,9.4,2.69,53.0,Low,High,82.2,Critical
561,Technology,Flood Prone,40.2,88.8,31.6,1.25,23.1,Low,Low,32.5,Low
562,Automotive,Coastal - High Risk,493.8,52.3,21.5,0.71,61.1,Low,High,88.4,Critical
563,Oil & Gas,Low Risk,1173.2,23.9,5.4,1.65,74.0,High,High,94.8,Critical
564,Airlines,Drought Prone,394.4,33.3,20.1,0.41,89.2,Medium,High,85.4,Critical
565,Technology,Moderate Climate,54.9,48.9,42.6,2.96,23.5,Low,Low,13.6,Very Low
566,Airlines,Wildfire Risk,410.2,29.3,17.1,0.76,75.7,Medium,High,88.1,Critical
567,Steel,Moderate Climate,962.9,36.2,25.9,0.54,86.0,Medium,High,87.7,Critical
568,Steel,Moderate Climate,1481.0,29.0,25.8,1.69,87.4,Medium,High,100.0,Critical
569,Technology,Coastal - High Risk,27.8,36.9,75.5,0.64,19.3,Low,Low,32.6,Low
570,Airlines,Low Risk,257.3,46.4,4.7,2.78,77.9,Medium,High,76.9,High
571,Steel,Moderate Climate,1801.2,68.0,0.7,0.11,86.6,Medium,High,100.0,Critical
572,Agriculture,Moderate Climate,79.1,57.1,13.6,1.67,20.7,Very High,Medium,72.6,High
573,Real Estate,Moderate Climate,215.3,8.5,11.8,2.04,44.6,High,Medium,62.4,High
574,Automotive,Moderate Climate,482.5,37.5,28.1,3.31,51.6,Low,High,72.7,High
575,Steel,Low Risk,1989.2,66.7,19.9,0.9,82.2,Medium,High,100.0,Critical
576,Steel,Flood Prone,803.1,38.0,8.4,3.03,74.0,Medium,High,95.0,Critical
577,Oil & Gas,Coastal - High Risk,1205.5,42.1,8.5,2.07,83.6,High,High,100.0,Critical
578,Steel,Coastal - High Risk,1021.7,75.1,25.8,1.83,76.2,Medium,High,100.0,Critical
579,Real Estate,Moderate Climate,155.9,60.2,22.8,2.41,57.5,High,Medium,65.4,High
580,Airlines,Flood Prone,581.9,49.1,12.9,0.37,94.5,Medium,High,97.9,Critical
581,Airlines,Drought Prone,502.9,89.1,16.4,0.96,84.7,Medium,High,89.0,Critical
582,Renewables,Wildfire Risk,68.6,28.8,83.8,1.78,10.2,Medium,Very Low,22.1,Low
583,Coal Mining,Low Risk,595.4,6.7,1.7,2.61,92.6,High,Very High,100.0,Critical
584,Oil & Gas,Low Risk,1529.9,88.7,5.2,1.64,89.6,High,High,100.0,Critical
585,Agriculture,Low Risk,103.7,34.9,22.3,1.17,30.5,Very High,Medium,70.6,High
586,Coal Mining,Wildfire Risk,1082.8,45.6,3.6,0.92,81.4,High,Very High,100.0,Critical
587,Coal Mining,Coastal - High Risk,681.2,65.9,2.3,0.92,82.0,High,Very High,100.0,Critical
588,Financial Services,Flood Prone,64.9,53.2,25.6,1.27,10.6,Low,Medium,50.4,Medium
589,Financial Services,Wildfire Risk,24.8,82.8,5.1,1.35,38.4,Low,Medium,41.1,Medium
590,Steel,Drought Prone,666.6,78.4,9.6,1.78,72.9,Medium,High,94.7,Critical
591,Renewables,Moderate Climate,96.8,79.7,31.4,3.08,24.8,Medium,Very Low,15.3,Very Low
592,Agriculture,Wildfire Risk,86.7,68.8,15.7,2.21,11.1,Very High,Medium,67.9,High
593,Automotive,Moderate Climate,655.7,89.7,15.6,1.49,51.6,Low,High,75.5,High
594,Agriculture,Coastal - High Risk,195.9,63.6,20.0,0.89,20.6,Very High,Medium,86.5,Critical
595,Financial Services,Drought Prone,11.7,11.9,1.3,2.0,24.5,Low,Medium,56.0,Medium
596,Technology,Moderate Climate,15.8,60.2,81.7,0.44,20.5,Low,Low,17.7,Very Low
597,Oil & Gas,Moderate Climate,1164.4,22.1,7.2,1.15,90.8,High,High,100.0,Critical
598,Technology,Wildfire Risk,10.9,59.7,86.6,1.99,28.2,Low,Low,29.3,Low
599,Technology,Wildfire Risk,59.8,52.3,35.0,4.39,27.1,Low,Low,23.3,Low
600,Steel,Coastal - High Risk,1742.1,26.4,3.7,0.56,85.2,Medium,High,100.0,Critical
