DefaultID,Sector,CollateralType,Seniority,DebtToAssets,AssetTangibility,TimeToResolution_Days,Recession,RecoveryRate,LGD
1,Services,Unsecured,Senior Secured,1.0678,0.0809,400,0,0.02,0.98
2,Retail,Unsecured,Senior Unsecured,0.7091,0.5839,120,0,0.4002,0.5998
3,Technology,Secured - Inventory,Subordinated,0.9554,0.6275,180,1,0.208,0.792
4,Technology,Unsecured,Subordinated,0.8971,0.8473,353,0,0.407,0.593
5,Real Estate,Unsecured,Senior Secured,0.8332,0.7301,381,0,0.2828,0.7172
6,Technology,Secured - Real Estate,Senior Secured,0.7761,0.5405,136,0,0.7959,0.2041
7,Technology,Subordinated,Subordinated,0.9825,0.3214,798,1,0.02,0.98
8,Retail,Secured - Real Estate,Subordinated,0.6153,0.1107,791,0,0.3459,0.6541
9,Technology,Secured - Inventory,Subordinated,1.1578,0.3966,323,0,0.3978,0.6022
10,Manufacturing,Unsecured,Senior Secured,0.7633,0.4088,110,0,0.5146,0.4854
11,Manufacturing,Secured - Inventory,Senior Unsecured,0.8423,0.5023,208,1,0.3844,0.6156
12,Retail,Secured - Real Estate,Subordinated,0.9186,0.965,502,0,0.4266,0.5734
13,Services,Secured - Equipment,Senior Unsecured,1.0899,0.3444,110,1,0.263,0.737
14,Technology,Secured - Inventory,Subordinated,1.1643,0.7399,486,0,0.02,0.98
15,Technology,Secured - Real Estate,Senior Unsecured,0.935,0.645,143,1,0.7137,0.2863
16,Manufacturing,Unsecured,Subordinated,0.697,0.4014,162,0,0.422,0.578
17,Technology,Secured - Real Estate,Senior Secured,0.7423,0.5839,701,0,0.7633,0.2367
18,Services,Subordinated,Subordinated,0.8606,0.1744,663,0,0.2068,0.7932
19,Real Estate,Secured - Real Estate,Senior Unsecured,0.7677,0.4642,37,1,0.453,0.547
20,Retail,Secured - Real Estate,Subordinated,0.9341,0.278,313,0,0.2165,0.7835
21,Manufacturing,Secured - Real Estate,Senior Secured,1.0215,0.3806,305,1,0.7077,0.2923
22,Technology,Subordinated,Senior Secured,1.132,0.5957,336,0,0.0945,0.9055
23,Services,Secured - Equipment,Senior Unsecured,0.6762,0.7146,310,0,0.5455,0.4545
24,Retail,Unsecured,Senior Secured,0.9098,0.7773,433,0,0.5166,0.4834
25,Manufacturing,Secured - Equipment,Senior Unsecured,0.8654,0.4762,1119,0,0.5542,0.4458
26,Services,Subordinated,Subordinated,0.7486,0.8107,248,0,0.4496,0.5504
27,Technology,Subordinated,Subordinated,0.7039,0.28,775,0,0.02,0.98
28,Real Estate,Secured - Real Estate,Senior Secured,0.6978,0.6583,39,1,0.9364,0.0636
29,Services,Secured - Real Estate,Senior Secured,1.0924,0.6094,190,0,0.5385,0.4615
30,Manufacturing,Secured - Equipment,Subordinated,0.9934,0.8686,117,0,0.668,0.332
31,Real Estate,Unsecured,Senior Secured,1.1805,0.0302,222,1,0.02,0.98
32,Real Estate,Subordinated,Senior Secured,1.0439,0.6784,182,0,0.0801,0.9199
33,Services,Subordinated,Senior Secured,0.6548,0.5851,46,0,0.1635,0.8365
34,Technology,Secured - Inventory,Senior Secured,1.1677,0.3858,404,1,0.3512,0.6488
35,Manufacturing,Subordinated,Senior Unsecured,1.0931,0.3276,202,1,0.02,0.98
36,Services,Subordinated,Senior Unsecured,0.7492,0.8039,212,0,0.3114,0.6886
37,Real Estate,Secured - Real Estate,Subordinated,0.7425,0.7557,289,0,0.5491,0.4509
38,Real Estate,Subordinated,Senior Unsecured,1.1958,0.4853,312,0,0.3339,0.6661
39,Manufacturing,Secured - Inventory,Subordinated,1.1492,0.366,180,0,0.02,0.98
40,Technology,Unsecured,Senior Unsecured,0.6466,0.0902,85,0,0.6256,0.3744
41,Real Estate,Secured - Equipment,Subordinated,0.6989,0.7848,178,0,0.7559,0.2441
42,Manufacturing,Secured - Real Estate,Senior Secured,0.8812,0.2522,808,1,0.6123,0.3877
43,Manufacturing,Secured - Equipment,Subordinated,0.7447,0.5291,241,1,0.2646,0.7354
44,Retail,Subordinated,Senior Secured,1.083,0.5288,362,0,0.02,0.98
45,Technology,Secured - Real Estate,Subordinated,0.7788,0.7368,330,1,0.3796,0.6204
46,Services,Secured - Inventory,Subordinated,0.6455,0.2043,124,0,0.4311,0.5689
47,Real Estate,Secured - Inventory,Senior Secured,0.807,0.4679,96,0,0.329,0.671
48,Services,Secured - Real Estate,Senior Unsecured,1.1525,0.522,189,0,0.4039,0.5961
49,Retail,Secured - Equipment,Subordinated,1.0485,0.546,811,0,0.02,0.98
50,Real Estate,Secured - Real Estate,Subordinated,0.7094,0.6537,225,0,0.2188,0.7812
51,Retail,Secured - Real Estate,Senior Secured,0.6522,0.6762,139,0,0.6695,0.3305
52,Services,Secured - Equipment,Subordinated,1.1919,0.1479,219,0,0.1454,0.8546
53,Services,Secured - Real Estate,Subordinated,0.9147,0.5601,358,1,0.4152,0.5848
54,Manufacturing,Secured - Inventory,Senior Unsecured,1.0311,0.034,134,1,0.3827,0.6173
55,Manufacturing,Unsecured,Subordinated,0.9664,0.8946,266,0,0.1427,0.8573
56,Real Estate,Secured - Equipment,Senior Unsecured,1.0107,0.8755,187,1,0.7824,0.2176
57,Retail,Secured - Inventory,Senior Secured,0.7087,0.5472,181,0,0.7194,0.2806
58,Real Estate,Subordinated,Senior Secured,0.7414,0.585,929,0,0.0957,0.9043
59,Manufacturing,Subordinated,Senior Unsecured,1.0486,0.1701,358,0,0.1052,0.8948
60,Services,Secured - Inventory,Subordinated,0.8009,0.6437,200,1,0.3956,0.6044
61,Manufacturing,Subordinated,Subordinated,0.6201,0.6662,241,1,0.02,0.98
62,Technology,Subordinated,Senior Secured,1.0334,0.4273,115,0,0.02,0.98
63,Services,Secured - Equipment,Senior Unsecured,0.692,0.194,326,1,0.5937,0.4063
64,Retail,Subordinated,Subordinated,1.0627,0.4045,176,1,0.02,0.98
65,Services,Secured - Real Estate,Senior Secured,0.9548,0.404,120,0,0.4844,0.5156
66,Retail,Secured - Inventory,Senior Unsecured,0.8794,0.65,423,1,0.1017,0.8983
67,Manufacturing,Subordinated,Senior Secured,1.0683,0.4544,1200,1,0.02,0.98
68,Manufacturing,Subordinated,Senior Secured,0.786,0.6769,74,0,0.4277,0.5723
69,Manufacturing,Secured - Inventory,Senior Unsecured,1.0653,0.9879,227,0,0.4311,0.5689
70,Retail,Secured - Inventory,Senior Unsecured,1.1385,0.6982,683,1,0.02,0.98
71,Real Estate,Secured - Inventory,Subordinated,0.957,0.9286,694,1,0.3816,0.6184
72,Real Estate,Unsecured,Senior Secured,0.8438,0.4251,743,1,0.4155,0.5845
73,Retail,Subordinated,Subordinated,1.0951,0.4525,579,1,0.02,0.98
74,Technology,Secured - Equipment,Senior Unsecured,0.6841,0.314,1131,0,0.6557,0.3443
75,Technology,Secured - Inventory,Senior Unsecured,0.6794,0.4439,298,0,0.7802,0.2198
76,Retail,Subordinated,Senior Secured,1.0321,0.5027,252,0,0.0266,0.9734
77,Services,Secured - Equipment,Senior Unsecured,0.7106,0.757,677,1,0.5276,0.4724
78,Retail,Subordinated,Senior Secured,0.6187,0.7078,329,0,0.1973,0.8027
79,Manufacturing,Secured - Real Estate,Senior Secured,0.8973,0.8489,216,1,0.8061,0.1939
80,Technology,Secured - Inventory,Senior Secured,1.0845,0.445,491,1,0.6224,0.3776
81,Manufacturing,Subordinated,Senior Unsecured,1.142,0.5482,93,0,0.4428,0.5572
82,Manufacturing,Subordinated,Subordinated,0.7156,0.6688,738,0,0.02,0.98
83,Retail,Secured - Inventory,Senior Secured,1.131,0.0172,1068,1,0.3306,0.6694
84,Retail,Secured - Real Estate,Senior Secured,1.126,0.077,100,0,0.6134,0.3866
85,Manufacturing,Unsecured,Subordinated,1.061,0.1839,194,0,0.02,0.98
86,Manufacturing,Subordinated,Senior Secured,1.1462,0.32,138,1,0.0836,0.9164
87,Real Estate,Secured - Inventory,Senior Unsecured,1.1935,0.1989,171,0,0.229,0.771
88,Real Estate,Secured - Equipment,Subordinated,0.6347,0.2652,185,0,0.2854,0.7146
89,Technology,Secured - Real Estate,Senior Secured,0.9481,0.4239,457,1,0.6421,0.3579
90,Services,Secured - Real Estate,Senior Secured,0.6522,0.8277,160,0,0.95,0.05
91,Manufacturing,Subordinated,Senior Secured,0.6369,0.1691,308,0,0.1995,0.8005
92,Services,Secured - Inventory,Senior Secured,1.1204,0.5229,546,0,0.4197,0.5803
93,Retail,Secured - Inventory,Senior Secured,1.0908,0.5724,300,0,0.2136,0.7864
94,Services,Unsecured,Senior Secured,0.6771,0.6376,229,0,0.5507,0.4493
95,Technology,Unsecured,Senior Unsecured,0.7806,0.5943,164,0,0.3889,0.6111
96,Manufacturing,Subordinated,Subordinated,0.7942,0.2775,73,0,0.02,0.98
97,Services,Subordinated,Senior Secured,0.7325,0.6582,251,1,0.02,0.98
98,Technology,Subordinated,Subordinated,0.8386,0.6878,93,0,0.3424,0.6576
99,Manufacturing,Secured - Inventory,Senior Unsecured,1.1212,0.4976,348,0,0.5256,0.4744
100,Manufacturing,Secured - Real Estate,Senior Unsecured,0.9644,0.8633,558,0,0.4347,0.5653
101,Real Estate,Subordinated,Senior Secured,0.6435,0.9293,395,0,0.3552,0.6448
102,Manufacturing,Secured - Inventory,Senior Secured,0.6617,0.426,314,0,0.4281,0.5719
103,Technology,Secured - Real Estate,Senior Secured,0.8147,0.7904,351,0,0.95,0.05
104,Technology,Secured - Real Estate,Senior Unsecured,1.1226,0.542,327,0,0.7359,0.2641
105,Services,Secured - Equipment,Subordinated,0.6245,0.7215,1255,0,0.3709,0.6291
106,Real Estate,Unsecured,Senior Secured,1.0738,0.2076,106,0,0.3113,0.6887
107,Manufacturing,Subordinated,Senior Unsecured,1.1043,0.729,1754,1,0.0367,0.9633
108,Real Estate,Secured - Real Estate,Senior Unsecured,0.8373,0.482,137,1,0.3681,0.6319
109,Manufacturing,Secured - Equipment,Senior Secured,0.6789,0.5411,381,1,0.5574,0.4426
110,Manufacturing,Unsecured,Senior Secured,0.9976,0.6925,303,1,0.2368,0.7632
111,Services,Unsecured,Senior Secured,1.1302,0.1834,92,0,0.02,0.98
112,Real Estate,Secured - Inventory,Senior Secured,0.9201,0.2498,938,0,0.3725,0.6275
113,Manufacturing,Secured - Equipment,Senior Secured,0.6733,0.4451,416,0,0.8588,0.1412
114,Technology,Secured - Inventory,Senior Unsecured,0.9193,0.5518,328,0,0.3646,0.6354
115,Retail,Secured - Equipment,Senior Secured,0.8246,0.2735,195,1,0.6342,0.3658
116,Manufacturing,Subordinated,Senior Secured,0.664,0.5393,383,1,0.2587,0.7413
117,Technology,Subordinated,Senior Unsecured,1.0006,0.4381,473,1,0.02,0.98
118,Real Estate,Secured - Real Estate,Senior Unsecured,0.8283,0.3283,1183,0,0.6591,0.3409
119,Manufacturing,Secured - Equipment,Senior Unsecured,0.8279,0.8968,1209,0,0.864,0.136
120,Services,Unsecured,Subordinated,1.0589,0.1535,400,0,0.02,0.98
121,Technology,Subordinated,Senior Secured,1.0021,0.1546,589,1,0.02,0.98
122,Real Estate,Unsecured,Senior Unsecured,0.7108,0.6279,440,0,0.2356,0.7644
123,Services,Subordinated,Senior Unsecured,0.6016,0.3242,406,0,0.2628,0.7372
124,Services,Secured - Real Estate,Senior Unsecured,1.0683,0.5086,693,0,0.9161,0.0839
125,Technology,Secured - Real Estate,Subordinated,1.1177,0.1214,857,0,0.2581,0.7419
126,Real Estate,Secured - Equipment,Subordinated,1.0055,0.6071,213,0,0.071,0.929
127,Technology,Subordinated,Senior Unsecured,0.6514,0.7695,120,0,0.1279,0.8721
128,Real Estate,Subordinated,Subordinated,0.7627,0.7356,504,0,0.02,0.98
129,Technology,Secured - Inventory,Senior Unsecured,0.6361,0.4073,471,0,0.3573,0.6427
130,Real Estate,Unsecured,Subordinated,0.6719,0.8146,523,0,0.3673,0.6327
131,Technology,Subordinated,Senior Unsecured,1.0252,0.7721,137,0,0.02,0.98
132,Retail,Unsecured,Senior Unsecured,0.9604,0.5925,540,1,0.1077,0.8923
133,Services,Secured - Equipment,Senior Unsecured,1.074,0.7168,156,0,0.5616,0.4384
134,Manufacturing,Secured - Real Estate,Senior Unsecured,0.8876,0.7407,375,1,0.4761,0.5239
135,Technology,Subordinated,Senior Unsecured,0.6811,0.4728,312,0,0.022,0.978
136,Retail,Subordinated,Subordinated,0.9901,0.6162,285,0,0.02,0.98
137,Technology,Unsecured,Senior Secured,0.9799,0.5951,164,0,0.4763,0.5237
138,Services,Subordinated,Subordinated,0.8485,0.467,514,0,0.02,0.98
139,Real Estate,Subordinated,Senior Secured,0.6073,0.5747,455,0,0.041,0.959
140,Services,Unsecured,Senior Unsecured,0.8255,0.2695,253,1,0.4156,0.5844
141,Manufacturing,Unsecured,Senior Secured,1.1045,0.2777,569,0,0.4379,0.5621
142,Real Estate,Unsecured,Subordinated,0.6901,0.4404,332,0,0.0521,0.9479
143,Technology,Unsecured,Subordinated,1.0648,0.7755,209,0,0.3732,0.6268
144,Retail,Secured - Real Estate,Senior Secured,1.0004,0.5256,138,1,0.5753,0.4247
145,Retail,Unsecured,Subordinated,0.9611,0.4904,460,0,0.02,0.98
146,Manufacturing,Unsecured,Senior Unsecured,0.6982,0.0924,435,0,0.02,0.98
147,Retail,Secured - Real Estate,Senior Secured,0.9816,0.8798,357,0,0.8508,0.1492
148,Retail,Subordinated,Senior Unsecured,0.679,0.2112,457,1,0.4256,0.5744
149,Services,Secured - Inventory,Subordinated,0.6909,0.5112,350,0,0.4848,0.5152
150,Technology,Secured - Inventory,Senior Secured,0.6595,0.7371,458,1,0.4499,0.5501
151,Technology,Subordinated,Senior Secured,0.9145,0.2234,380,1,0.2048,0.7952
152,Retail,Secured - Inventory,Senior Secured,0.821,0.532,385,0,0.2485,0.7515
153,Technology,Secured - Real Estate,Senior Secured,0.8414,0.4269,319,0,0.7572,0.2428
154,Technology,Secured - Equipment,Subordinated,1.095,0.2098,173,1,0.02,0.98
155,Manufacturing,Secured - Real Estate,Subordinated,0.6532,0.3528,973,0,0.289,0.711
156,Technology,Secured - Inventory,Subordinated,0.8303,0.5457,193,0,0.4936,0.5064
157,Real Estate,Subordinated,Subordinated,0.6337,0.3272,491,0,0.0776,0.9224
158,Retail,Secured - Equipment,Senior Unsecured,1.1456,0.6626,556,0,0.3732,0.6268
159,Real Estate,Secured - Equipment,Senior Secured,0.7609,0.5661,86,0,0.513,0.487
160,Technology,Secured - Equipment,Subordinated,0.6768,0.2993,405,0,0.3935,0.6065
161,Manufacturing,Secured - Equipment,Senior Secured,0.8784,0.451,159,0,0.502,0.498
162,Real Estate,Secured - Real Estate,Senior Secured,0.7364,0.9667,447,0,0.8273,0.1727
163,Manufacturing,Subordinated,Senior Unsecured,1.0014,0.1279,755,0,0.02,0.98
164,Manufacturing,Secured - Inventory,Subordinated,0.7208,0.4545,381,0,0.293,0.707
165,Services,Unsecured,Senior Unsecured,1.168,0.6786,89,0,0.036,0.964
166,Technology,Secured - Inventory,Senior Unsecured,0.871,0.3673,244,0,0.2927,0.7073
167,Manufacturing,Subordinated,Senior Secured,0.8376,0.367,538,1,0.02,0.98
168,Manufacturing,Secured - Equipment,Subordinated,0.9589,0.5465,141,0,0.5794,0.4206
169,Real Estate,Subordinated,Subordinated,1.0008,0.2181,307,0,0.02,0.98
170,Retail,Secured - Real Estate,Senior Unsecured,0.6476,0.2443,121,0,0.8588,0.1412
171,Real Estate,Unsecured,Senior Secured,0.7526,0.504,360,0,0.2482,0.7518
172,Services,Secured - Equipment,Senior Secured,0.8702,0.4247,403,1,0.5236,0.4764
173,Retail,Unsecured,Senior Secured,0.7951,0.3693,196,0,0.4649,0.5351
174,Manufacturing,Unsecured,Senior Unsecured,0.7293,0.4141,256,1,0.3048,0.6952
175,Retail,Unsecured,Senior Secured,0.9905,0.6759,247,0,0.1065,0.8935
176,Manufacturing,Secured - Inventory,Senior Secured,0.8529,0.7071,598,0,0.95,0.05
177,Technology,Secured - Real Estate,Subordinated,0.6675,0.2904,40,0,0.4411,0.5589
178,Services,Secured - Inventory,Senior Secured,1.0381,0.3386,449,0,0.8969,0.1031
179,Services,Unsecured,Subordinated,1.1973,0.3245,365,0,0.1638,0.8362
180,Technology,Secured - Real Estate,Senior Secured,1.1464,0.2813,282,0,0.7368,0.2632
181,Technology,Secured - Inventory,Subordinated,0.6625,0.2358,465,0,0.164,0.836
182,Retail,Unsecured,Senior Unsecured,1.1444,0.8658,66,0,0.02,0.98
183,Real Estate,Secured - Real Estate,Senior Secured,0.6033,0.0406,156,0,0.82,0.18
184,Manufacturing,Secured - Real Estate,Senior Secured,0.9702,0.4446,25,0,0.6352,0.3648
185,Technology,Unsecured,Subordinated,1.1294,0.1114,102,1,0.1338,0.8662
186,Manufacturing,Subordinated,Subordinated,0.9623,0.6281,136,0,0.3025,0.6975
187,Services,Secured - Real Estate,Senior Unsecured,0.8129,0.2258,657,0,0.711,0.289
188,Technology,Secured - Real Estate,Subordinated,0.7031,0.5043,887,1,0.4447,0.5553
189,Real Estate,Secured - Inventory,Senior Secured,0.8396,0.8423,467,1,0.7289,0.2711
190,Real Estate,Unsecured,Subordinated,0.7652,0.4854,771,1,0.1163,0.8837
191,Services,Secured - Inventory,Senior Unsecured,0.9606,0.8104,792,0,0.4082,0.5918
192,Real Estate,Unsecured,Subordinated,0.9103,0.5572,725,1,0.1709,0.8291
193,Technology,Secured - Real Estate,Subordinated,0.7004,0.8585,323,0,0.3085,0.6915
194,Real Estate,Secured - Inventory,Senior Secured,0.7735,0.1296,228,1,0.102,0.898
195,Real Estate,Unsecured,Senior Secured,0.8867,0.2644,168,0,0.0905,0.9095
196,Technology,Subordinated,Senior Unsecured,0.741,0.8267,340,1,0.1133,0.8867
197,Services,Subordinated,Senior Secured,1.1282,0.3057,645,0,0.396,0.604
198,Services,Secured - Inventory,Subordinated,1.1457,0.0984,323,1,0.02,0.98
199,Manufacturing,Secured - Equipment,Senior Unsecured,1.1695,0.6097,226,0,0.95,0.05
200,Manufacturing,Secured - Inventory,Subordinated,0.8174,0.6783,581,0,0.3268,0.6732
201,Manufacturing,Secured - Real Estate,Senior Secured,0.9841,0.8316,112,0,0.9182,0.0818
202,Real Estate,Secured - Equipment,Senior Unsecured,0.6183,0.1067,420,1,0.5006,0.4994
203,Retail,Secured - Inventory,Subordinated,1.0061,0.6435,436,0,0.432,0.568
204,Retail,Secured - Real Estate,Subordinated,0.6626,0.8394,588,0,0.8828,0.1172
205,Retail,Subordinated,Senior Secured,0.6037,0.5659,524,1,0.02,0.98
206,Technology,Secured - Equipment,Senior Secured,1.118,0.6519,203,0,0.6447,0.3553
207,Real Estate,Subordinated,Senior Secured,0.7288,0.8039,457,1,0.2363,0.7637
208,Retail,Unsecured,Senior Unsecured,1.0284,0.6647,744,0,0.218,0.782
209,Retail,Secured - Equipment,Senior Unsecured,1.033,0.2559,253,1,0.5365,0.4635
210,Real Estate,Secured - Equipment,Senior Secured,1.1643,0.5045,115,0,0.555,0.445
211,Real Estate,Unsecured,Subordinated,0.6696,0.4841,326,0,0.3378,0.6622
212,Technology,Subordinated,Senior Secured,0.6778,0.5108,591,0,0.1322,0.8678
213,Services,Secured - Equipment,Senior Unsecured,0.8219,0.7482,612,0,0.5954,0.4046
214,Real Estate,Subordinated,Subordinated,0.6216,0.6481,333,1,0.1029,0.8971
215,Technology,Secured - Real Estate,Senior Secured,0.6258,0.5779,112,0,0.95,0.05
216,Manufacturing,Secured - Equipment,Senior Unsecured,0.6746,0.9629,295,0,0.6665,0.3335
217,Manufacturing,Unsecured,Senior Unsecured,0.7871,0.4995,248,0,0.3284,0.6716
218,Manufacturing,Subordinated,Senior Secured,1.0434,0.8311,607,0,0.1516,0.8484
219,Manufacturing,Secured - Inventory,Senior Secured,0.7747,0.4838,177,1,0.95,0.05
220,Technology,Unsecured,Senior Unsecured,1.1747,0.4607,170,0,0.0507,0.9493
221,Retail,Secured - Equipment,Senior Secured,0.7891,0.6416,266,1,0.6783,0.3217
222,Manufacturing,Secured - Real Estate,Subordinated,1.014,0.5448,53,0,0.3239,0.6761
223,Real Estate,Subordinated,Senior Unsecured,1.1774,0.5815,1208,0,0.02,0.98
224,Services,Unsecured,Senior Secured,1.0046,0.0362,288,0,0.1313,0.8687
225,Retail,Secured - Equipment,Subordinated,1.1887,0.1457,304,0,0.0425,0.9575
226,Manufacturing,Secured - Real Estate,Subordinated,0.6976,0.6429,829,0,0.3157,0.6843
227,Services,Unsecured,Senior Unsecured,0.7523,0.4547,252,1,0.9454,0.0546
228,Technology,Secured - Real Estate,Subordinated,0.6544,0.2046,169,0,0.6519,0.3481
229,Retail,Secured - Equipment,Senior Secured,1.1413,0.0829,480,1,0.1786,0.8214
230,Services,Unsecured,Senior Secured,0.938,0.4652,202,0,0.2222,0.7778
231,Retail,Unsecured,Subordinated,1.1333,0.7873,150,0,0.02,0.98
232,Services,Secured - Equipment,Subordinated,0.9042,0.6449,404,0,0.2239,0.7761
233,Real Estate,Secured - Real Estate,Senior Secured,0.7695,0.4548,11,1,0.5206,0.4794
234,Technology,Secured - Inventory,Subordinated,1.1801,0.141,533,0,0.3733,0.6267
235,Manufacturing,Secured - Inventory,Subordinated,0.8226,0.4076,766,0,0.6426,0.3574
236,Manufacturing,Secured - Inventory,Senior Unsecured,0.7613,0.6271,781,0,0.556,0.444
237,Manufacturing,Secured - Inventory,Senior Secured,0.8693,0.505,254,0,0.5275,0.4725
238,Technology,Secured - Real Estate,Senior Secured,1.1871,0.4434,16,1,0.5446,0.4554
239,Manufacturing,Unsecured,Senior Unsecured,0.6151,0.2311,952,0,0.2568,0.7432
240,Services,Subordinated,Senior Unsecured,1.1715,0.635,585,0,0.02,0.98
241,Services,Secured - Inventory,Senior Unsecured,0.9768,0.4622,222,0,0.171,0.829
242,Technology,Subordinated,Senior Secured,0.8427,0.7854,444,0,0.1691,0.8309
243,Real Estate,Secured - Inventory,Senior Unsecured,0.6608,0.4983,85,0,0.5522,0.4478
244,Manufacturing,Subordinated,Senior Unsecured,1.0427,0.1629,281,0,0.02,0.98
245,Retail,Unsecured,Senior Unsecured,0.9622,0.4487,88,0,0.4021,0.5979
246,Services,Secured - Inventory,Senior Unsecured,1.0056,0.3946,252,0,0.4586,0.5414
247,Manufacturing,Secured - Equipment,Senior Unsecured,0.6303,0.0887,501,1,0.2898,0.7102
248,Retail,Secured - Real Estate,Senior Unsecured,1.0457,0.6852,312,1,0.743,0.257
249,Services,Secured - Inventory,Senior Secured,0.9826,0.8079,152,1,0.349,0.651
250,Real Estate,Secured - Equipment,Subordinated,0.8549,0.8351,241,0,0.6178,0.3822
251,Services,Subordinated,Senior Unsecured,0.9701,0.4971,337,0,0.1946,0.8054
252,Real Estate,Secured - Real Estate,Senior Secured,0.9999,0.2423,59,1,0.2641,0.7359
253,Technology,Subordinated,Subordinated,0.8516,0.7273,149,0,0.02,0.98
254,Manufacturing,Unsecured,Subordinated,1.0587,0.8842,523,0,0.2482,0.7518
255,Services,Unsecured,Subordinated,1.0835,0.9657,326,0,0.2251,0.7749
256,Retail,Subordinated,Senior Unsecured,0.8241,0.4671,202,0,0.2799,0.7201
257,Manufacturing,Subordinated,Senior Unsecured,0.8069,0.1331,844,0,0.02,0.98
258,Real Estate,Subordinated,Senior Secured,1.0312,0.2631,163,0,0.02,0.98
259,Manufacturing,Unsecured,Senior Unsecured,0.7271,0.409,416,0,0.5917,0.4083
260,Manufacturing,Secured - Real Estate,Subordinated,0.8574,0.7099,603,0,0.4451,0.5549
261,Real Estate,Subordinated,Senior Secured,0.6703,0.3883,270,0,0.2005,0.7995
262,Manufacturing,Subordinated,Senior Secured,0.9668,0.4265,473,0,0.1351,0.8649
263,Real Estate,Secured - Real Estate,Senior Secured,1.0928,0.2963,384,0,0.6104,0.3896
264,Real Estate,Secured - Inventory,Subordinated,0.8458,0.4458,482,0,0.3914,0.6086
265,Retail,Secured - Real Estate,Senior Secured,0.8253,0.2437,175,0,0.558,0.442
266,Technology,Secured - Inventory,Subordinated,0.8785,0.4431,254,0,0.723,0.277
267,Real Estate,Unsecured,Senior Unsecured,0.6622,0.6377,730,0,0.1023,0.8977
268,Services,Secured - Inventory,Senior Secured,0.9723,0.2686,348,1,0.4337,0.5663
269,Real Estate,Secured - Equipment,Senior Unsecured,0.925,0.1957,92,0,0.5601,0.4399
270,Technology,Secured - Equipment,Senior Unsecured,1.0346,0.3182,451,0,0.4572,0.5428
271,Services,Secured - Real Estate,Subordinated,1.1634,0.1066,421,0,0.0738,0.9262
272,Technology,Subordinated,Subordinated,0.8769,0.4876,187,0,0.02,0.98
273,Retail,Subordinated,Senior Unsecured,1.0703,0.2623,169,0,0.0532,0.9468
274,Real Estate,Secured - Real Estate,Senior Unsecured,0.6404,0.8164,120,1,0.6629,0.3371
275,Services,Secured - Inventory,Senior Secured,0.8436,0.1561,271,0,0.61,0.39
276,Technology,Secured - Inventory,Senior Secured,1.1944,0.2137,495,0,0.4038,0.5962
277,Services,Unsecured,Senior Secured,0.8816,0.4384,498,1,0.2692,0.7308
278,Manufacturing,Secured - Real Estate,Subordinated,0.9892,0.5422,119,0,0.7331,0.2669
279,Retail,Subordinated,Senior Unsecured,0.6115,0.1893,545,1,0.02,0.98
280,Retail,Subordinated,Senior Secured,0.9436,0.8366,515,0,0.157,0.843
281,Services,Secured - Real Estate,Subordinated,0.7267,0.4402,351,0,0.5184,0.4816
282,Real Estate,Secured - Real Estate,Subordinated,0.6374,0.5797,377,0,0.5072,0.4928
283,Real Estate,Secured - Equipment,Subordinated,0.9179,0.8215,76,1,0.1477,0.8523
284,Retail,Unsecured,Senior Secured,1.0854,0.6183,38,0,0.2509,0.7491
285,Retail,Subordinated,Senior Unsecured,0.9033,0.7613,40,0,0.1099,0.8901
286,Retail,Secured - Equipment,Senior Secured,0.8751,0.3392,401,1,0.1625,0.8375
287,Technology,Secured - Real Estate,Senior Secured,0.6095,0.622,710,1,0.6192,0.3808
288,Manufacturing,Subordinated,Senior Secured,1.0907,0.7339,322,0,0.1397,0.8603
289,Services,Unsecured,Senior Secured,0.7312,0.6632,109,1,0.3845,0.6155
290,Services,Secured - Inventory,Senior Unsecured,1.1364,0.8324,1323,1,0.7705,0.2295
291,Real Estate,Unsecured,Senior Secured,1.1224,0.392,162,0,0.1653,0.8347
292,Real Estate,Secured - Equipment,Subordinated,1.1668,0.5895,507,0,0.4794,0.5206
293,Manufacturing,Secured - Equipment,Subordinated,1.0224,0.3602,96,0,0.4376,0.5624
294,Technology,Unsecured,Senior Unsecured,0.9008,0.7578,211,0,0.3594,0.6406
295,Technology,Secured - Inventory,Senior Unsecured,0.8279,0.1507,178,1,0.474,0.526
296,Real Estate,Secured - Equipment,Senior Unsecured,1.0497,0.7971,203,0,0.7907,0.2093
297,Technology,Secured - Inventory,Senior Unsecured,1.1089,0.6999,441,0,0.598,0.402
298,Technology,Secured - Inventory,Senior Unsecured,0.804,0.932,217,1,0.4044,0.5956
299,Technology,Unsecured,Senior Unsecured,0.6989,0.463,576,0,0.0282,0.9718
300,Real Estate,Secured - Inventory,Subordinated,0.6689,0.6799,791,0,0.3046,0.6954
301,Technology,Unsecured,Subordinated,0.7883,0.7988,179,0,0.3091,0.6909
302,Retail,Subordinated,Subordinated,0.78,0.9021,247,0,0.3672,0.6328
303,Retail,Unsecured,Subordinated,0.6635,0.1262,354,0,0.1204,0.8796
304,Real Estate,Subordinated,Senior Unsecured,0.6454,0.4062,144,1,0.2801,0.7199
305,Retail,Secured - Inventory,Subordinated,1.0737,0.9273,396,1,0.1392,0.8608
306,Technology,Secured - Equipment,Subordinated,0.6164,0.8195,354,1,0.3684,0.6316
307,Retail,Secured - Real Estate,Senior Secured,0.6936,0.4533,247,0,0.95,0.05
308,Real Estate,Subordinated,Senior Secured,0.7225,0.6824,355,0,0.0484,0.9516
309,Retail,Secured - Inventory,Senior Unsecured,0.7993,0.4123,446,0,0.4731,0.5269
310,Technology,Secured - Inventory,Subordinated,0.9304,0.3918,410,0,0.2087,0.7913
311,Retail,Subordinated,Senior Unsecured,0.9227,0.4813,130,0,0.0365,0.9635
312,Services,Subordinated,Senior Unsecured,0.7388,0.3294,244,1,0.02,0.98
313,Retail,Secured - Equipment,Senior Unsecured,0.6258,0.8973,28,0,0.7759,0.2241
314,Retail,Secured - Equipment,Senior Unsecured,0.9085,0.8318,513,0,0.8767,0.1233
315,Services,Subordinated,Senior Unsecured,1.1681,0.5035,545,0,0.2023,0.7977
316,Manufacturing,Secured - Real Estate,Subordinated,0.7189,0.7107,579,1,0.4788,0.5212
317,Retail,Secured - Real Estate,Senior Unsecured,0.6505,0.158,872,0,0.5719,0.4281
318,Retail,Secured - Equipment,Senior Secured,1.1561,0.4265,294,1,0.3242,0.6758
319,Technology,Secured - Equipment,Senior Secured,1.1843,0.5144,119,1,0.354,0.646
320,Services,Unsecured,Senior Secured,1.0834,0.4008,189,0,0.398,0.602
321,Real Estate,Secured - Equipment,Subordinated,1.1224,0.4489,926,0,0.1412,0.8588
322,Technology,Unsecured,Senior Secured,1.0403,0.5083,246,1,0.4249,0.5751
323,Real Estate,Secured - Inventory,Senior Unsecured,0.8069,0.5368,222,0,0.4052,0.5948
324,Retail,Unsecured,Senior Unsecured,0.6272,0.7295,316,1,0.3843,0.6157
325,Retail,Unsecured,Subordinated,1.0763,0.6348,65,0,0.02,0.98
326,Real Estate,Secured - Real Estate,Senior Unsecured,0.8578,0.4407,256,0,0.4071,0.5929
327,Technology,Secured - Real Estate,Subordinated,1.0686,0.369,488,0,0.3478,0.6522
328,Retail,Secured - Real Estate,Senior Unsecured,0.7506,0.1807,61,0,0.9016,0.0984
329,Retail,Secured - Equipment,Senior Secured,0.649,0.1021,353,0,0.65,0.35
330,Technology,Unsecured,Senior Secured,0.6995,0.5281,396,0,0.421,0.579
331,Technology,Unsecured,Senior Secured,1.0361,0.0998,541,0,0.02,0.98
332,Services,Subordinated,Senior Secured,0.9561,0.8758,357,0,0.278,0.722
333,Services,Unsecured,Subordinated,0.7793,0.9207,329,1,0.4354,0.5646
334,Real Estate,Secured - Equipment,Senior Secured,0.8332,0.4754,292,0,0.7083,0.2917
335,Technology,Secured - Equipment,Subordinated,0.9496,0.2372,103,0,0.5215,0.4785
336,Real Estate,Secured - Inventory,Subordinated,0.9471,0.506,508,0,0.5667,0.4333
337,Technology,Unsecured,Senior Secured,0.8658,0.6124,287,1,0.0835,0.9165
338,Technology,Unsecured,Senior Secured,0.9911,0.3517,48,1,0.2393,0.7607
339,Manufacturing,Unsecured,Senior Unsecured,0.9682,0.6496,461,0,0.0698,0.9302
340,Real Estate,Secured - Inventory,Subordinated,0.9178,0.5263,322,0,0.3719,0.6281
341,Technology,Secured - Equipment,Subordinated,1.1608,0.4612,259,0,0.2006,0.7994
342,Technology,Secured - Inventory,Senior Unsecured,1.1986,0.1544,46,1,0.02,0.98
343,Manufacturing,Unsecured,Senior Unsecured,1.1643,0.5487,46,0,0.496,0.504
344,Technology,Secured - Real Estate,Senior Secured,0.6976,0.2285,352,0,0.9159,0.0841
345,Technology,Secured - Inventory,Senior Unsecured,0.6476,0.6217,251,0,0.3262,0.6738
346,Retail,Secured - Real Estate,Subordinated,0.8819,0.1986,78,1,0.1756,0.8244
347,Retail,Subordinated,Senior Secured,1.1926,0.6781,402,0,0.02,0.98
348,Real Estate,Secured - Real Estate,Senior Unsecured,0.6077,0.8459,260,0,0.609,0.391
349,Technology,Secured - Equipment,Senior Secured,0.629,0.5013,702,1,0.6374,0.3626
350,Manufacturing,Secured - Real Estate,Subordinated,0.6087,0.6733,214,0,0.5673,0.4327
351,Real Estate,Subordinated,Subordinated,1.0582,0.1642,218,0,0.02,0.98
352,Technology,Secured - Inventory,Senior Unsecured,0.8387,0.7793,101,0,0.7413,0.2587
353,Real Estate,Unsecured,Senior Unsecured,0.6681,0.4247,439,0,0.4825,0.5175
354,Retail,Secured - Real Estate,Senior Secured,0.7019,0.1394,114,0,0.8038,0.1962
355,Real Estate,Secured - Equipment,Senior Unsecured,0.6547,0.7224,432,0,0.95,0.05
356,Technology,Unsecured,Senior Secured,0.7062,0.2717,434,0,0.238,0.762
357,Retail,Secured - Equipment,Subordinated,1.0065,0.3223,288,0,0.3969,0.6031
358,Manufacturing,Subordinated,Senior Secured,0.8458,0.3436,192,1,0.2711,0.7289
359,Manufacturing,Secured - Inventory,Senior Secured,1.1743,0.6619,1088,0,0.4678,0.5322
360,Technology,Secured - Inventory,Senior Secured,1.0381,0.6175,259,0,0.6966,0.3034
361,Retail,Subordinated,Subordinated,0.9454,0.3095,82,0,0.02,0.98
362,Services,Secured - Equipment,Subordinated,1.017,0.3551,536,0,0.2005,0.7995
363,Retail,Secured - Real Estate,Senior Secured,0.7729,0.5932,292,0,0.6818,0.3182
364,Technology,Secured - Equipment,Senior Secured,0.8444,0.4954,311,1,0.5953,0.4047
365,Services,Secured - Inventory,Subordinated,0.967,0.7942,101,0,0.1289,0.8711
366,Real Estate,Subordinated,Senior Unsecured,0.8559,0.0941,88,0,0.2477,0.7523
367,Technology,Secured - Real Estate,Senior Unsecured,0.7596,0.4181,429,1,0.4419,0.5581
368,Manufacturing,Secured - Real Estate,Subordinated,0.6826,0.6905,81,1,0.7871,0.2129
369,Real Estate,Unsecured,Subordinated,1.1607,0.4037,505,1,0.0994,0.9006
370,Technology,Subordinated,Senior Unsecured,0.7241,0.4678,47,1,0.02,0.98
371,Manufacturing,Secured - Real Estate,Subordinated,0.7942,0.3032,134,0,0.4049,0.5951
372,Technology,Secured - Inventory,Senior Unsecured,0.96,0.4473,319,1,0.2628,0.7372
373,Services,Secured - Real Estate,Senior Unsecured,0.9063,0.4833,178,0,0.8338,0.1662
374,Technology,Secured - Inventory,Subordinated,0.7737,0.3722,343,0,0.4721,0.5279
375,Technology,Secured - Real Estate,Subordinated,0.7167,0.2502,767,0,0.6404,0.3596
376,Services,Secured - Inventory,Subordinated,1.1033,0.6867,760,1,0.3882,0.6118
377,Retail,Secured - Inventory,Subordinated,0.9788,0.2964,160,0,0.3315,0.6685
378,Manufacturing,Unsecured,Senior Unsecured,0.703,0.6118,290,0,0.2139,0.7861
379,Manufacturing,Subordinated,Senior Unsecured,0.9572,0.0208,219,1,0.02,0.98
380,Retail,Secured - Equipment,Subordinated,1.1585,0.1191,634,0,0.4015,0.5985
381,Retail,Secured - Real Estate,Senior Secured,0.7318,0.1853,438,0,0.7202,0.2798
382,Retail,Unsecured,Senior Secured,0.6438,0.8015,518,1,0.5241,0.4759
383,Retail,Secured - Real Estate,Senior Secured,0.8713,0.2021,452,1,0.5837,0.4163
384,Retail,Unsecured,Subordinated,1.1921,0.3542,58,1,0.02,0.98
385,Technology,Secured - Inventory,Subordinated,1.1724,0.895,338,0,0.1187,0.8813
386,Real Estate,Secured - Inventory,Senior Unsecured,1.0424,0.1408,584,1,0.4297,0.5703
387,Services,Secured - Inventory,Subordinated,0.7958,0.6008,88,0,0.0701,0.9299
388,Technology,Unsecured,Senior Secured,1.1609,0.6158,136,0,0.02,0.98
389,Retail,Secured - Inventory,Senior Unsecured,0.7166,0.4432,604,0,0.7429,0.2571
390,Retail,Subordinated,Senior Secured,0.7259,0.284,417,1,0.1073,0.8927
391,Services,Subordinated,Senior Unsecured,0.9766,0.5162,426,0,0.02,0.98
392,Technology,Secured - Equipment,Senior Unsecured,0.9312,0.6325,283,0,0.7073,0.2927
393,Services,Secured - Inventory,Senior Secured,1.0806,0.6526,109,0,0.5438,0.4562
394,Manufacturing,Secured - Inventory,Senior Secured,0.6483,0.4906,242,0,0.5308,0.4692
395,Real Estate,Secured - Real Estate,Senior Secured,0.9422,0.5592,527,0,0.8002,0.1998
396,Real Estate,Unsecured,Senior Secured,0.7967,0.7451,670,1,0.2579,0.7421
397,Services,Subordinated,Subordinated,0.6523,0.3325,554,1,0.0852,0.9148
398,Technology,Unsecured,Senior Secured,1.0871,0.4498,251,1,0.4618,0.5382
399,Manufacturing,Subordinated,Senior Unsecured,0.6308,0.7249,1014,0,0.2773,0.7227
400,Retail,Secured - Inventory,Senior Unsecured,0.9579,0.3605,235,0,0.6571,0.3429
401,Technology,Secured - Real Estate,Senior Unsecured,0.9214,0.391,689,0,0.5989,0.4011
402,Manufacturing,Subordinated,Subordinated,1.1035,0.3949,161,1,0.02,0.98
403,Real Estate,Secured - Equipment,Senior Secured,1.1384,0.3996,189,0,0.4836,0.5164
404,Services,Secured - Inventory,Senior Secured,0.6506,0.8455,569,1,0.6021,0.3979
405,Services,Subordinated,Senior Secured,1.0226,0.1807,316,0,0.02,0.98
406,Services,Secured - Real Estate,Senior Secured,0.7817,0.6562,388,0,0.8332,0.1668
407,Retail,Secured - Equipment,Senior Secured,0.955,0.7956,30,0,0.765,0.235
408,Technology,Secured - Equipment,Senior Secured,0.7545,0.2059,225,1,0.582,0.418
409,Manufacturing,Unsecured,Subordinated,0.7967,0.2108,391,0,0.6095,0.3905
410,Retail,Secured - Real Estate,Subordinated,0.6449,0.6644,472,0,0.5609,0.4391
411,Retail,Secured - Inventory,Subordinated,0.8414,0.1763,151,1,0.1669,0.8331
412,Services,Unsecured,Subordinated,0.9466,0.6027,107,0,0.5003,0.4997
413,Services,Unsecured,Senior Unsecured,1.0111,0.7529,146,0,0.032,0.968
414,Real Estate,Subordinated,Subordinated,0.7322,0.4837,213,1,0.158,0.842
415,Retail,Subordinated,Subordinated,1.1106,0.718,406,0,0.02,0.98
416,Technology,Secured - Equipment,Subordinated,1.0058,0.1889,164,0,0.2702,0.7298
417,Manufacturing,Subordinated,Senior Secured,1.1908,0.5092,223,0,0.2414,0.7586
418,Technology,Secured - Real Estate,Senior Secured,0.8418,0.6511,372,0,0.95,0.05
419,Technology,Secured - Inventory,Senior Unsecured,0.9771,0.3731,349,0,0.2295,0.7705
420,Technology,Secured - Inventory,Senior Unsecured,1.1727,0.1788,221,0,0.5084,0.4916
421,Manufacturing,Secured - Inventory,Subordinated,0.7957,0.3265,66,1,0.2313,0.7687
422,Retail,Secured - Equipment,Senior Secured,0.6709,0.3948,618,0,0.7878,0.2122
423,Services,Secured - Equipment,Senior Secured,0.9087,0.6977,195,1,0.5554,0.4446
424,Manufacturing,Unsecured,Subordinated,0.6499,0.7111,292,0,0.3863,0.6137
425,Technology,Subordinated,Subordinated,0.7868,0.2261,302,0,0.3119,0.6881
426,Technology,Secured - Inventory,Senior Secured,0.7365,0.4376,261,1,0.8435,0.1565
427,Real Estate,Unsecured,Subordinated,0.658,0.6134,183,0,0.2455,0.7545
428,Services,Subordinated,Senior Unsecured,0.6163,0.2923,574,0,0.2963,0.7037
429,Manufacturing,Unsecured,Senior Unsecured,1.1753,0.5268,463,0,0.1891,0.8109
430,Manufacturing,Secured - Real Estate,Subordinated,0.8637,0.555,107,0,0.452,0.548
431,Manufacturing,Subordinated,Senior Secured,0.6037,0.6399,305,0,0.2911,0.7089
432,Technology,Secured - Real Estate,Subordinated,0.6582,0.1899,235,0,0.484,0.516
433,Real Estate,Secured - Inventory,Subordinated,1.086,0.086,65,0,0.02,0.98
434,Services,Secured - Inventory,Senior Unsecured,0.6837,0.5623,610,0,0.0612,0.9388
435,Services,Secured - Inventory,Senior Secured,1.1749,0.2087,237,0,0.7813,0.2187
436,Technology,Unsecured,Senior Secured,1.0931,0.5356,340,1,0.218,0.782
437,Manufacturing,Unsecured,Senior Unsecured,0.745,0.6116,814,0,0.5954,0.4046
438,Retail,Secured - Equipment,Subordinated,0.8504,0.5745,415,0,0.2679,0.7321
439,Manufacturing,Secured - Equipment,Senior Unsecured,0.7627,0.5842,306,1,0.1934,0.8066
440,Technology,Secured - Inventory,Subordinated,0.8593,0.6382,431,0,0.196,0.804
441,Services,Unsecured,Subordinated,1.0597,0.732,561,1,0.3326,0.6674
442,Manufacturing,Secured - Equipment,Senior Secured,1.0511,0.7684,48,0,0.95,0.05
443,Services,Secured - Equipment,Subordinated,0.8696,0.7455,337,0,0.2074,0.7926
444,Retail,Secured - Inventory,Senior Unsecured,1.1398,0.5775,283,1,0.2004,0.7996
445,Real Estate,Secured - Equipment,Senior Unsecured,1.1197,0.814,135,1,0.5038,0.4962
446,Real Estate,Secured - Equipment,Senior Unsecured,0.8804,0.1968,392,0,0.3841,0.6159
447,Real Estate,Subordinated,Subordinated,1.1658,0.3306,533,1,0.02,0.98
448,Services,Unsecured,Senior Unsecured,1.0735,0.9316,115,0,0.3057,0.6943
449,Technology,Secured - Inventory,Subordinated,1.1895,0.7633,283,1,0.0839,0.9161
450,Technology,Secured - Equipment,Senior Unsecured,1.0706,0.633,66,0,0.645,0.355
451,Technology,Secured - Equipment,Senior Unsecured,0.6343,0.7548,374,0,0.8779,0.1221
452,Retail,Secured - Inventory,Senior Unsecured,0.7468,0.4389,62,0,0.6107,0.3893
453,Retail,Unsecured,Senior Unsecured,0.8054,0.5827,231,0,0.532,0.468
454,Real Estate,Unsecured,Senior Unsecured,0.796,0.8528,481,1,0.6115,0.3885
455,Retail,Subordinated,Senior Unsecured,0.8115,0.5238,149,1,0.169,0.831
456,Retail,Subordinated,Senior Unsecured,1.022,0.7754,512,0,0.1219,0.8781
457,Services,Secured - Inventory,Senior Unsecured,0.7306,0.4103,175,1,0.2835,0.7165
458,Services,Secured - Inventory,Senior Secured,0.7397,0.242,882,0,0.5383,0.4617
459,Manufacturing,Secured - Equipment,Senior Unsecured,0.8127,0.4332,258,1,0.6027,0.3973
460,Real Estate,Unsecured,Senior Unsecured,1.1674,0.7351,182,0,0.1911,0.8089
461,Services,Secured - Real Estate,Senior Secured,0.6782,0.4007,625,0,0.942,0.058
462,Retail,Subordinated,Senior Unsecured,0.8733,0.6841,507,0,0.041,0.959
463,Real Estate,Secured - Inventory,Subordinated,1.0903,0.9768,274,0,0.1607,0.8393
464,Retail,Subordinated,Senior Secured,1.0425,0.4915,127,0,0.2219,0.7781
465,Real Estate,Subordinated,Subordinated,0.7797,0.3266,262,1,0.0745,0.9255
466,Retail,Secured - Equipment,Senior Unsecured,0.7618,0.5378,779,1,0.4883,0.5117
467,Retail,Subordinated,Senior Secured,0.6982,0.4352,244,0,0.077,0.923
468,Services,Unsecured,Senior Secured,0.6999,0.4655,298,0,0.5083,0.4917
469,Technology,Secured - Equipment,Senior Unsecured,0.9667,0.2563,323,0,0.4224,0.5776
470,Manufacturing,Secured - Inventory,Senior Unsecured,1.132,0.9275,226,0,0.5712,0.4288
471,Retail,Subordinated,Senior Unsecured,0.6975,0.284,313,0,0.0737,0.9263
472,Real Estate,Secured - Equipment,Senior Unsecured,0.8536,0.1855,82,1,0.5011,0.4989
473,Real Estate,Unsecured,Senior Secured,0.9469,0.6325,237,0,0.3402,0.6598
474,Manufacturing,Subordinated,Subordinated,0.8881,0.1657,218,0,0.02,0.98
475,Technology,Secured - Equipment,Subordinated,0.9789,0.5179,130,0,0.2382,0.7618
476,Manufacturing,Unsecured,Senior Unsecured,1.156,0.5215,478,1,0.02,0.98
477,Services,Secured - Real Estate,Senior Secured,0.7473,0.5317,249,1,0.6061,0.3939
478,Technology,Secured - Inventory,Senior Unsecured,1.1976,0.5102,255,0,0.498,0.502
479,Retail,Secured - Inventory,Senior Unsecured,1.0082,0.3918,330,0,0.3037,0.6963
480,Real Estate,Secured - Real Estate,Senior Unsecured,1.0866,0.6267,428,0,0.6977,0.3023
481,Real Estate,Subordinated,Senior Secured,1.1714,0.6549,308,1,0.02,0.98
482,Retail,Subordinated,Senior Secured,0.608,0.0282,843,0,0.0918,0.9082
483,Manufacturing,Secured - Real Estate,Subordinated,0.9219,0.3496,424,0,0.6198,0.3802
484,Services,Secured - Real Estate,Subordinated,0.9734,0.5383,138,1,0.2084,0.7916
485,Technology,Secured - Real Estate,Senior Unsecured,0.6773,0.3394,481,1,0.3832,0.6168
486,Retail,Secured - Real Estate,Senior Unsecured,0.6761,0.3758,608,0,0.798,0.202
487,Manufacturing,Secured - Real Estate,Senior Secured,0.715,0.0988,182,0,0.9064,0.0936
488,Retail,Secured - Real Estate,Subordinated,0.9527,0.4775,693,0,0.4341,0.5659
489,Manufacturing,Subordinated,Senior Secured,0.6211,0.1715,78,0,0.0499,0.9501
490,Retail,Secured - Inventory,Senior Secured,0.646,0.1673,114,1,0.9379,0.0621
491,Retail,Secured - Equipment,Senior Unsecured,0.8573,0.5608,834,0,0.6491,0.3509
492,Retail,Unsecured,Senior Unsecured,1.1488,0.0135,252,0,0.0508,0.9492
493,Manufacturing,Secured - Inventory,Subordinated,1.072,0.1079,361,0,0.4902,0.5098
494,Technology,Secured - Equipment,Subordinated,0.8463,0.4296,187,0,0.4679,0.5321
495,Manufacturing,Secured - Equipment,Subordinated,1.1677,0.3496,168,0,0.345,0.655
496,Real Estate,Unsecured,Senior Unsecured,1.1332,0.6314,220,0,0.02,0.98
497,Retail,Secured - Real Estate,Subordinated,1.1313,0.0762,245,0,0.1599,0.8401
498,Services,Secured - Inventory,Senior Unsecured,0.6874,0.4438,204,0,0.386,0.614
499,Technology,Secured - Real Estate,Subordinated,0.9666,0.1332,610,0,0.2336,0.7664
500,Technology,Subordinated,Senior Secured,0.8104,0.5112,397,0,0.0828,0.9172
